X,Y,Z,MaximumInscribedSphereRadius
26.7592868805,16.5516891479,41.5085792542,1.74432534774
26.8196907043,16.6265354156,41.4803466797,1.74194803029
26.8759708405,16.7031326294,41.4474372864,1.73819855911
26.9354953766,16.7782783508,41.4189300537,1.73473383997
26.9925346375,16.8554325104,41.3898468018,1.73228370945
27.0500602722,16.9311447144,41.3579521179,1.73298157355
27.1070480347,17.0072555542,41.3261108398,1.73549618467
27.1630134583,17.083530426,41.2933197021,1.73855317384
27.2203845978,17.159620285,41.261920929,1.74189292595
27.2779197693,17.2368755341,41.2334709167,1.74624013835
27.3135490417,17.3227806091,41.1972770691,1.73681997751
27.3426914215,17.4118537903,41.1596183777,1.72605703016
27.3842468262,17.4967651367,41.1275901794,1.71435065256
27.4095077515,17.5856933594,41.0872917175,1.70080671574
27.4301528931,17.6782150269,41.052936554,1.6869892113
27.4533309937,17.7691020966,41.0174827576,1.67238482515
27.4750614166,17.8597297668,40.9802589417,1.657780439
27.4925689697,17.9534664154,40.9495506287,1.64244436064
27.5061759949,18.0452213287,40.9112892151,1.62625108083
27.5221004486,18.1377105713,40.8760032654,1.61092003693
27.542016983,18.2331943512,40.8511734009,1.60179158727
27.5533695221,18.327911377,40.8217010498,1.5908795818
27.5538482666,18.4223175049,40.7878684998,1.5726518803
27.5460948944,18.5180721283,40.7598228455,1.54991111714
27.5336055756,18.6145763397,40.734916687,1.52630966017
27.5242786407,18.7133827209,40.7182121277,1.50609152946
27.4973201752,18.8089618683,40.7083358765,1.47664430565
27.4638767242,18.9036636353,40.7077407837,1.44141145541
27.4334125519,18.9984817505,40.720790863,1.40530013258
27.3964576721,19.0895824432,40.7410697937,1.36607499465
27.3392620087,19.1695384979,40.758682251,1.31346051556
27.2936229706,19.2536888123,40.7896003723,1.26104477379
27.2532367706,19.3381977081,40.8263206482,1.21670030172
27.2107772827,19.4184513092,40.8685264587,1.17287226681
27.1617984772,19.4919071198,40.9167289734,1.12493263749
27.0997524261,19.5555114746,40.9627799988,1.07574372569
27.0316448212,19.614118576,41.0068969727,1.02502340277
26.9663238525,19.6658058167,41.0630722046,0.980909837877
26.8924770355,19.7131519318,41.1124153137,0.936796272983
26.8169269562,19.7643680573,41.1547088623,0.892682708089
26.7484359741,19.8239688873,41.1968955994,0.856591453686
26.6877326965,19.8796768188,41.2537155151,0.824765333279
26.6139659882,19.9273414612,41.302772522,0.795650645197
26.5507202148,19.9738578796,41.3648834229,0.776137627858
26.4760742188,20.0132331848,41.4190826416,0.761849112764
26.3972511292,20.0426177979,41.4739570618,0.751920568038
26.3227481842,20.0739517212,41.5330276489,0.738105271422
26.2432823181,20.0973033905,41.5895423889,0.719802548197
26.1592235565,20.1165027618,41.6406974792,0.704954153749
26.0774936676,20.1287078857,41.6978759766,0.695044097258
25.9973335266,20.128288269,41.757976532,0.687605386764
25.9175777435,20.1146831512,41.8172569275,0.682355910047
25.8347473145,20.1004161835,41.8719902039,0.670980997146
25.7512741089,20.08253479,41.9245910645,0.658456482628
25.671787262,20.0533847809,41.9798698425,0.652772751804
25.5983428955,20.0226573944,42.0419998169,0.648666062738
25.5317993164,20.0059738159,42.1145210266,0.645926658612
25.4672985077,19.9752044678,42.1868171692,0.647501085422
25.3930664062,19.9349861145,42.2430610657,0.649075512232
25.3129234314,19.9102859497,42.2973136902,0.646682972777
25.2448043823,19.8690090179,42.3593978882,0.644075049014
25.1768760681,19.8162765503,42.4118766785,0.645819210831
25.1009063721,19.7820854187,42.4664459229,0.644697024653
25.0269699097,19.7421245575,42.5210876465,0.6474854665
24.9549255371,19.6967582703,42.5746994019,0.650819613894
24.8783397675,19.6694774628,42.6327934265,0.653540654973
24.8088531494,19.6289558411,42.6931762695,0.656291033976
24.731628418,19.5876235962,42.7419662476,0.657113156703
24.6555919647,19.5405273438,42.7868232727,0.656159670567
24.5822982788,19.485408783,42.8274917603,0.658857013357
24.5104045868,19.4298763275,42.8696594238,0.658648195035
24.4365310669,19.3806629181,42.9163665771,0.657689186881
24.3640117645,19.326593399,42.9597969055,0.65997990931
24.2976970673,19.2736148834,43.01329422,0.661946656219
24.2375049591,19.2129058838,43.0654449463,0.666205426926
24.1778068542,19.1527729034,43.118927002,0.668938080574
24.119228363,19.0932846069,43.1743545532,0.669507334304
24.0619163513,19.037771225,43.2350997925,0.666829703041
24.0080223083,18.9766597748,43.2936325073,0.659627410106
23.9498119354,18.9205150604,43.3524551392,0.652868302251
23.8968200684,18.8567466736,43.40832901,0.648892748626
23.8458099365,18.7884483337,43.4610824585,0.639582567643
23.7869281769,18.7279548645,43.5155448914,0.636762835901
23.7317276001,18.6637001038,43.5688476562,0.632795293372
23.6766872406,18.5960731506,43.6182861328,0.630481744036
23.6142101288,18.5349369049,43.6672897339,0.634169063167
23.5503025055,18.4750652313,43.7149581909,0.63879484381
23.5009307861,18.399887085,43.7601470947,0.640137121138
23.4466953278,18.32970047,43.807094574,0.631929360344
23.3915481567,18.2697067261,43.86510849,0.625605981727
23.3429832458,18.206161499,43.9250984192,0.619227904251
23.2940406799,18.1381759644,43.980052948,0.617090450492
23.2426452637,18.0752105713,44.038772583,0.615286222572
23.1975193024,18.0073547363,44.0974845886,0.615281842052
23.1445846558,17.9462814331,44.1572952271,0.619742994528
23.0832996368,17.87915802,44.2007484436,0.622152288435
23.028886795,17.8147640228,44.2558021545,0.621957061669
22.9871349335,17.7539710999,44.3228416443,0.618159584574
22.9328365326,17.6953697205,44.3844490051,0.61545922567
22.892616272,17.6244125366,44.442741394,0.615726483233
22.8463916779,17.5563793182,44.4996414185,0.611716162926
22.8030166626,17.4853134155,44.5557060242,0.608774317056
22.7675685883,17.4090194702,44.6100616455,0.605587555836
22.7251548767,17.3390026093,44.6679840088,0.602718538834
22.681306839,17.2688560486,44.724647522,0.600550147879
22.6338672638,17.2019500732,44.7823257446,0.605147711315
22.5852565765,17.1392421722,44.8433074951,0.606559866204
22.5395030975,17.070350647,44.8996696472,0.601240818859
22.5045928955,16.9934616089,44.9542198181,0.600720930442
22.4557247162,16.9202251434,45.0008163452,0.599285765417
22.42578125,16.8476734161,45.0627098083,0.600816954796
22.3880214691,16.7812843323,45.1299438477,0.602323677956
22.336523056,16.7169952393,45.1863746643,0.599200054038
26.7592868805,16.5516891479,41.5085792542,1.74432534774
26.8197422028,16.6266040802,41.4803161621,1.74194371388
26.8761577606,16.7032356262,41.4474754333,1.73819173406
26.9359855652,16.7783756256,41.4193382263,1.73449201373
26.9978580475,16.8553199768,41.4014015198,1.72806362733
27.0611038208,16.9313774109,41.3845252991,1.72330734917
27.1286659241,17.003944397,41.3686752319,1.7198454774
27.1958675385,17.0762767792,41.3508758545,1.71955033092
27.2589569092,17.1523170471,41.3336830139,1.71998840135
27.3280525208,17.2224388123,41.3175430298,1.71980187411
27.3996543884,17.2937164307,41.3056640625,1.7195838496
27.4796905518,17.3453140259,41.2821235657,1.70681191514
27.5727291107,17.3651657104,41.2479438782,1.66837391198
27.6664905548,17.3736152649,41.2135353088,1.62132313519
27.7582912445,17.3845844269,41.1749267578,1.57668838172
27.8529071808,17.3952102661,41.1435661316,1.5308668716
27.9508419037,17.3875141144,41.124584198,1.47296321003
28.0498371124,17.3727817535,41.1207962036,1.41170062202
28.1473255157,17.3691310883,41.0963516235,1.36435578902
28.2436656952,17.3610649109,41.0690345764,1.31802466421
28.3390140533,17.3489894867,41.039806366,1.2716935394
28.4335327148,17.3333911896,41.0095214844,1.22536241459
28.5261421204,17.3044815063,40.9866371155,1.17486934519
28.6185646057,17.2631931305,40.9845695496,1.12070863736
28.7135124207,17.2311115265,40.9883270264,1.06462335555
28.8060264587,17.1928825378,40.9835700989,1.01118901426
28.8959159851,17.1498470306,40.9956970215,0.963014184652
28.9832935333,17.1040115356,41.0126495361,0.915882650188
29.070148468,17.0563163757,40.9971618652,0.878427810336
29.1547908783,17.0029239655,40.9943161011,0.84324444115
29.2453460693,16.9605388641,41.0027999878,0.811566722091
29.337474823,16.921377182,41.0151596069,0.779889003032
29.4248809814,16.8737678528,41.0270614624,0.752561841428
29.5085964203,16.81939888,41.0369949341,0.734532070053
29.6008224487,16.7802124023,41.0406990051,0.72046779373
29.6944313049,16.7425060272,41.0403862,0.710219404475
29.7812576294,16.6918239594,41.0405883789,0.708797195806
29.8609237671,16.6299667358,41.0432128906,0.707374987138
29.9367179871,16.5646362305,41.0525932312,0.712848993036
30.0185451508,16.511800766,41.0763626099,0.714712143185
30.0955295563,16.4518280029,41.1012077332,0.72071579995
30.1637840271,16.3818569183,41.1266670227,0.726719456714
30.2238178253,16.3057403564,41.1531066895,0.737254982737
30.2851371765,16.2317276001,41.18201828,0.752217890353
30.3477592468,16.1580238342,41.2094078064,0.761810247321
30.4001865387,16.0780086517,41.239730835,0.771788359831
30.4531383514,15.9998979568,41.2737350464,0.781780071241
30.4889183044,15.9153432846,41.3149604797,0.793858708289
30.5285511017,15.838019371,41.3645706177,0.804920301491
30.5760669708,15.7641868591,41.4124908447,0.815174920227
30.6109600067,15.6790895462,41.4541969299,0.827654134253
30.6390247345,15.5969743729,41.5052452087,0.83975301216
30.6714897156,15.5136976242,41.5511512756,0.847016008978
30.7101249695,15.4389925003,41.605556488,0.853075946166
30.7429084778,15.3603792191,41.6586952209,0.859806354705
30.7808094025,15.2844696045,41.7122421265,0.863539367574
30.8162879944,15.2096805573,41.7688713074,0.866522537286
30.8488559723,15.132557869,41.8240623474,0.863942432741
30.8896636963,15.0577716827,41.8771629333,0.860811206562
26.7592868805,16.5516891479,41.5085792542,1.74432534774
26.8196544647,16.6264858246,41.4803695679,1.74195109208
26.8758945465,16.7030315399,41.4474754333,1.73820340045
26.9353752136,16.7781295776,41.4189872742,1.73473884461
26.9923992157,16.855222702,41.3899345398,1.73228983542
27.0496921539,16.9309864044,41.3580513,1.73297323898
27.1065807343,17.0070819855,41.3262290955,1.73548618339
27.1635723114,17.0827407837,41.2935066223,1.7385376766
27.2204113007,17.159034729,41.2620925903,1.74187521425
27.2767543793,17.2368564606,41.2336196899,1.74621354758
27.3342113495,17.3111724854,41.1986236572,1.75220026308
27.3916969299,17.3855171204,41.1638793945,1.75834647012
27.4469890594,17.4633426666,41.1331825256,1.76019973206
27.496465683,17.5420150757,41.0947685242,1.76005832973
27.5350456238,17.6278171539,41.0610771179,1.75654696089
27.5639381409,17.7186565399,41.0298690796,1.74821573967
27.594745636,17.8072624207,40.9947433472,1.73899911543
27.6218605042,17.8972568512,40.9604530334,1.72774462227
27.6548480988,17.9835186005,40.9214096069,1.71923989599
27.6890907288,18.0722084045,40.8899421692,1.71246250319
27.7222003937,18.1611881256,40.8579940796,1.70625759736
27.7525367737,18.2500858307,40.8231315613,1.7024456094
27.7848491669,18.3400745392,40.7930488586,1.70098577879
27.8206329346,18.429271698,40.7644500732,1.69952594817
27.8595943451,18.5163059235,40.7336883545,1.69929057667
27.8993816376,18.6016712189,40.6994171143,1.69969482801
27.9393939972,18.6866703033,40.6645927429,1.70038896643
27.9833450317,18.7717189789,40.6350212097,1.70412824633
28.0242614746,18.8569984436,40.6021308899,1.70758313824
28.0697574615,18.9420795441,40.5751457214,1.71053491442
28.1080265045,19.0313091278,40.5488090515,1.71493164344
28.1558551788,19.1079673767,40.5061035156,1.7089018421
28.2074985504,19.1837787628,40.4655609131,1.70131789076
28.2559509277,19.2573108673,40.4178123474,1.69532379716
28.3080978394,19.329580307,40.3721961975,1.6897828738
28.3615093231,19.4012241364,40.3269577026,1.68390207587
28.4118728638,19.4744930267,40.2808799744,1.67883549833
28.4652614594,19.5500507355,40.2421760559,1.67568629655
28.5176391602,19.6247444153,40.2008018494,1.67301627329
28.5693225861,19.6991519928,40.1580696106,1.67153207514
28.6182823181,19.776556015,40.1171607971,1.66945173977
28.6631450653,19.8580303192,40.0802650452,1.66766957524
28.7041702271,19.9435901642,40.0479125977,1.66648441104
28.7445240021,20.027973175,40.0119934082,1.66556800041
28.7859249115,20.1130466461,39.9790115356,1.66478776352
28.8275508881,20.1983184814,39.9467391968,1.66376513627
28.8721504211,20.2812805176,39.91248703,1.66268203985
28.9126014709,20.3653087616,39.8759803772,1.65992371195
28.9563617706,20.4487915039,39.8419761658,1.65743389959
28.9988098145,20.5315361023,39.8047447205,1.65613031573
29.0395507812,20.6162090302,39.7693061829,1.65446732564
29.0840969086,20.6999225616,39.7367019653,1.65269459305
29.1350650787,20.7800636292,39.70495224,1.64904229188
29.1817436218,20.8612995148,39.6694259644,1.64654579075
29.2269477844,20.9431400299,39.6333694458,1.64404928961
29.2730045319,21.0258617401,39.6005249023,1.64334308883
29.318944931,21.1081981659,39.5666999817,1.64376271269
29.3643341064,21.1885490417,39.527633667,1.64559453005
29.4142875671,21.2672195435,39.490814209,1.64725602409
29.4626941681,21.3458766937,39.4520721436,1.64971593729
29.5100250244,21.4238071442,39.4105606079,1.65312643512
29.5618858337,21.5000324249,39.3712806702,1.65691929966
29.6103610992,21.5773868561,39.3298530579,1.6616257862
29.6590366364,21.6528205872,39.285358429,1.66633227275
29.707321167,21.7285728455,39.2410507202,1.66991538628
29.7514514923,21.8065662384,39.1960906982,1.67302288471
29.7969112396,21.8832931519,39.1505622864,1.67499056348
29.8420543671,21.9640026093,39.1113853455,1.67687210069
29.8822441101,22.0456123352,39.0693016052,1.67880355639
29.91614151,22.1256561279,39.0195426941,1.6786867589
29.9419403076,22.2104492188,38.9727058411,1.67293330359
29.9730224609,22.2939777374,38.9268264771,1.66819912335
30.0085525513,22.3753070831,38.8804244995,1.66304868896
30.0449981689,22.4541130066,38.8303718567,1.65884843702
30.0823402405,22.5354766846,38.7854385376,1.65452851437
30.1196651459,22.6139907837,38.7355957031,1.64989999742
30.1584281921,22.6937522888,38.6890449524,1.646033117
30.197687149,22.7743377686,38.6443405151,1.64201690093
30.2348442078,22.8536720276,38.5955352783,1.63800068486
30.272233963,22.9322452545,38.5457458496,1.63450877497
30.3107719421,23.0106773376,38.4967536926,1.63113101837
30.3507785797,23.0896396637,38.4497909546,1.62790383243
30.3912372589,23.1692028046,38.4041366577,1.62583476951
30.4275283813,23.2478637695,38.353931427,1.62427796413
30.4596729279,23.3278827667,38.3029212952,1.62283743898
30.4918670654,23.4094390869,38.254322052,1.61951934155
30.5224132538,23.4899024963,38.2029724121,1.61609057684
30.5475978851,23.5713939667,38.1505470276,1.6117976951
30.5706558228,23.6563968658,38.1026763916,1.60744767729
30.5986366272,23.7408866882,38.0567359924,1.60368114055
30.6228656769,23.824848175,38.0076179504,1.59971977527
30.6495819092,23.9110069275,37.9640007019,1.59734199423
30.6756477356,23.9971199036,37.9200057983,1.59547679707
30.6978302002,24.0844402313,37.8763084412,1.59097162124
30.7206840515,24.1729030609,37.834980011,1.58967187624
30.7477245331,24.2612571716,37.7963142395,1.58666456983
30.7738227844,24.3487796783,37.7550163269,1.58443315331
30.8007049561,24.437707901,37.7175827026,1.58292805762
30.82654953,24.5248336792,37.6753807068,1.58217053709
30.8532962799,24.6125431061,37.6351013184,1.58203363944
30.883020401,24.7014350891,37.5996742249,1.58283933305
30.9143218994,24.7873668671,37.5587425232,1.58315180962
30.9439983368,24.8739490509,37.5179023743,1.58234431006
30.9697132111,24.9609661102,37.4754676819,1.58034086216
30.9922294617,25.0491867065,37.4337272644,1.5786836135
31.0146846771,25.1387348175,37.3945960999,1.57713586371
31.0394134521,25.2260875702,37.3521842957,1.57560719897
31.065246582,25.3118724823,37.3073921204,1.57260280523
31.092666626,25.3982696533,37.2645225525,1.57128488046
31.1181373596,25.4867286682,37.2251014709,1.56784678917
31.1441459656,25.5731735229,37.1816520691,1.56465765745
31.1682548523,25.660823822,37.1394271851,1.56249842616
31.1941299438,25.747461319,37.0962181091,1.56074113908
31.2200145721,25.8319740295,37.0490608215,1.55850491916
31.2471523285,25.9179935455,37.0054512024,1.55754507338
31.2743530273,26.0051460266,36.9640846252,1.55688877776
31.3004455566,26.0919380188,36.9213638306,1.55677702246
31.3274803162,26.1789684296,36.8797683716,1.56009788421
31.3544883728,26.2662620544,36.8386993408,1.56038650224
31.3832416534,26.3508281708,36.7932090759,1.56251287646
31.4093799591,26.4387741089,36.7530899048,1.56335877321
31.4370326996,26.5232028961,36.7066268921,1.56420891578
31.4595355988,26.6093826294,36.6606063843,1.56369862891
31.4813251495,26.6982841492,36.6197967529,1.56274247615
31.5033245087,26.7876472473,36.5804824829,1.56130224313
31.5202846527,26.8766613007,36.5374946594,1.55936825878
31.5406513214,26.9649028778,36.4946784973,1.55508213952
31.5595989227,27.0545482635,36.4542388916,1.55049862784
31.5754909515,27.1433200836,36.4105758667,1.54134177753
31.5946960449,27.232542038,36.3693084717,1.53539670806
31.6156024933,27.3214530945,36.3281974792,1.5308675366
31.6371574402,27.4102935791,36.2872581482,1.52658046409
31.6619415283,27.4964561462,36.2425994873,1.52109624099
31.6843013763,27.5845546722,36.2006530762,1.51649806976
31.7064990997,27.6739253998,36.1612854004,1.51112398175
31.7280883789,27.7616443634,36.1180152893,1.50591104203
31.7494468689,27.8508052826,36.077747345,1.50067536425
31.770111084,27.9390773773,36.0352134705,1.49382425378
31.7898540497,28.0290851593,35.9957847595,1.48967813112
31.8096828461,28.115568161,35.9493026733,1.48563100781
31.8312416077,28.2033061981,35.9056243896,1.48270168172
31.8477611542,28.2954807281,35.8701515198,1.47899875406
31.8626766205,28.3873767853,35.8332977295,1.47570462084
31.8775253296,28.4771595001,35.7913475037,1.47441405131
31.893037796,28.5675640106,35.7509727478,1.4732619914
31.9085044861,28.6598854065,35.7151222229,1.47251211372
31.9174156189,28.7536792755,35.6810722351,1.47141200463
31.9279842377,28.8477725983,35.6485061646,1.47075482585
31.9414768219,28.9416828156,35.6159133911,1.47020857441
31.9511680603,29.0361156464,35.5833358765,1.4692825989
31.956735611,29.1322784424,35.5559272766,1.4683566234
31.9644870758,29.2283802032,35.5292663574,1.46643307271
31.9765129089,29.3227405548,35.497177124,1.46447810774
31.9839038849,29.4182949066,35.4677429199,1.46356921587
31.9949398041,29.5143699646,35.4417304993,1.4608355518
32.0026664734,29.6108665466,35.4158210754,1.45816181955
32.0153808594,29.7069206238,35.3903388977,1.4568736242
32.0268440247,29.8024234772,35.3621673584,1.45484195714
32.0366287231,29.8974876404,35.3322257996,1.45335810485
32.0473937988,29.9948596954,35.3105735779,1.45233827944
32.0553207397,30.0912780762,35.2848472595,1.45121242747
32.0610580444,30.1877479553,35.2584114075,1.45149814414
32.0675430298,30.2860374451,35.2392616272,1.451902145
32.0736160278,30.3842048645,35.2197799683,1.45188862137
32.0787010193,30.4815177917,35.1953277588,1.45164592763
32.0798530579,30.57995224,35.1777153015,1.45130468155
32.0779647827,30.6787586212,35.1619606018,1.44992104454
32.0765724182,30.776468277,35.1390762329,1.44866911299
32.078742981,30.8746204376,35.1187057495,1.44607596838
32.0746307373,30.9726295471,35.0983810425,1.4418790974
32.0704231262,31.0711555481,35.0809288025,1.43824919417
32.0671195984,31.1687831879,35.0589179993,1.43288024116
32.0646133423,31.2675552368,35.042350769,1.42826101876
32.0620574951,31.3664264679,35.0273246765,1.42197129545
32.0634841919,31.4646778107,35.007522583,1.41484192399
32.0589179993,31.5639286041,34.9949226379,1.40827978335
32.0619392395,31.6626091003,34.9777374268,1.40058716256
32.0604171753,31.7612514496,34.9605178833,1.39393320756
32.0593070984,31.8608322144,34.949432373,1.38938145674
32.0587120056,31.959236145,34.9309387207,1.38435591209
32.060131073,32.0585250854,34.9172210693,1.37987027251
32.0611381531,32.1582489014,34.9061203003,1.37595657665
32.0592765808,32.2577705383,34.8945350647,1.37455439628
32.0560150146,32.3573074341,34.8836936951,1.37315221592
32.053237915,32.4571685791,34.8754386902,1.37214843959
32.0498886108,32.5572853088,34.8714447021,1.37146787288
32.0424385071,32.6572570801,34.8731460571,1.37183584205
32.0307273865,32.7568283081,34.8759422302,1.37412400118
32.0191268921,32.8559951782,34.8688850403,1.37647149227
32.0058517456,32.9551811218,34.8670578003,1.3802635764
31.9922828674,33.0545806885,34.8717575073,1.38405566054
31.9817714691,33.1542663574,34.8763656616,1.38756022824
31.9749717712,33.2542495728,34.8768234253,1.39036072165
31.9674701691,33.354133606,34.872467041,1.39595073046
31.9590492249,33.4530296326,34.8585319519,1.40203091626
31.9602622986,33.5520706177,34.8439903259,1.40257811625
31.9481811523,33.6488265991,34.8212509155,1.39516721027
31.9344654083,33.7431755066,34.7902565002,1.38731560171
31.9235553741,33.8386993408,34.7614822388,1.38018444884
31.9146556854,33.935760498,34.7370529175,1.37397479871
31.9012374878,34.030872345,34.7090568542,1.36776514858
31.8631229401,34.1172447205,34.6794700623,1.34677564335
31.8052997589,34.1988143921,34.6615333557,1.31917017374
31.7640838623,34.2856178284,34.6353378296,1.29644669614
31.729467392,34.3765449524,34.6109352112,1.28426333331
31.687828064,34.4647026062,34.5893516541,1.26963856258
31.6409606934,34.5502738953,34.565032959,1.25209206612
31.5943279266,34.638168335,34.5434494019,1.23264002054
31.5421180725,34.7218017578,34.5225791931,1.21318797495
31.4763240814,34.792339325,34.4988975525,1.19179894089
31.3990325928,34.8541793823,34.4850158691,1.15741509385
31.3224105835,34.9183769226,34.4742431641,1.12775222046
31.2454853058,34.9799385071,34.4539413452,1.1002223739
31.1630401611,35.0322990417,34.4327278137,1.07159233195
31.0727214813,35.0732192993,34.4181938171,1.03630280176
30.9799518585,35.1119384766,34.4140510559,1.00130759752
30.8883171082,35.1526794434,34.4188423157,0.969755991712
30.7924499512,35.1802253723,34.4184341431,0.936909602817
30.6952800751,35.2041969299,34.4147491455,0.909701215464
30.6010951996,35.2350959778,34.405872345,0.890729806557
30.5015125275,35.241809845,34.4134368896,0.857086708714
30.4012832642,35.2445640564,34.4146270752,0.82555223036
30.3013725281,35.2390022278,34.4127006531,0.796478661428
30.206205368,35.2125549316,34.4241409302,0.760123014496
30.1102085114,35.1933403015,34.4460029602,0.725040243149
30.0146541595,35.1712760925,34.4647598267,0.689804469252
29.9228630066,35.1377944946,34.4879798889,0.655500735247
29.837600708,35.0933914185,34.5157928467,0.622477117293
29.7615127563,35.0416793823,34.5529747009,0.59332664857
29.6888885498,34.9962043762,34.6044845581,0.566398539329
29.6023921967,34.9590988159,34.6380386353,0.540030713084
29.5214157104,34.9119491577,34.6739654541,0.530781377327
29.4449539185,34.8582801819,34.7119407654,0.527831103403
29.359418869,34.817615509,34.7419700623,0.524464921938
29.2695350647,34.7841377258,34.7710723877,0.520733511484
29.1851501465,34.7413482666,34.8043556213,0.525388663038
29.1007099152,34.691116333,34.8226852417,0.53320196998
29.0163421631,34.6406822205,34.8440093994,0.538293517814
28.9306697845,34.6039886475,34.8804244995,0.541804407745
28.8421611786,34.5671844482,34.9100189209,0.54488662993
28.7529411316,34.5258560181,34.9302864075,0.546115127353
28.6642780304,34.4833984375,34.9487533569,0.547690533566
28.5752124786,34.4424591064,34.9682502747,0.552447046533
28.4930210114,34.389175415,34.9882087708,0.555946505202
28.4017925262,34.3498916626,35.0027122498,0.562865713116
28.3120441437,34.3085632324,35.018825531,0.571800226468
28.2215633392,34.2704544067,35.0375061035,0.575089366219
28.1378097534,34.2251434326,35.070274353,0.579976443203
28.0554733276,34.1705703735,35.0865821838,0.587854097728
27.9694881439,34.12317276,35.1066818237,0.591954391549
27.8820743561,34.0781288147,35.1239852905,0.595215666652
27.7942905426,34.032585144,35.1390953064,0.600232445516
27.7121448517,33.9794578552,35.1623306274,0.607544885303
27.6288642883,33.9268302917,35.1807632446,0.60631022863
27.538564682,33.8883361816,35.2023582458,0.607040948378
27.4543972015,33.8443870544,35.2334365845,0.607250375805
27.3661365509,33.8022460938,35.2555885315,0.606511132643
27.2778511047,33.7598228455,35.2764663696,0.607773822968
27.1923236847,33.7135772705,35.3008346558,0.605892401769
27.1077785492,33.6633453369,35.3193244934,0.605946805096
27.0187492371,33.6189155579,35.3330612183,0.60858057477
26.9296340942,33.582988739,35.3612480164,0.609041415945
26.8384895325,33.5496025085,35.3857765198,0.607029027131
26.747718811,33.5131072998,35.4074478149,0.601415456944
26.6549911499,33.4827804565,35.4310951233,0.601831164306
26.5680809021,33.4394302368,35.4554100037,0.599027170033
26.4814414978,33.4027824402,35.4895744324,0.59743089026
26.3904685974,33.3736610413,35.5193443298,0.593524687848
26.2990016937,33.3442268372,35.5477752686,0.589194319719
26.2060451508,33.3134841919,35.5688896179,0.581738519703
26.1123466492,33.2855453491,35.5910110474,0.581858099167
26.0232162476,33.2491378784,35.618221283,0.583728252661
25.9350814819,33.2095909119,35.643787384,0.589119875541
25.8427143097,33.1820755005,35.6728553772,0.595644798699
25.747631073,33.1538848877,35.6887664795,0.600494919987
25.6566486359,33.1241073608,35.7172737122,0.602988577812
25.567647934,33.0922088623,35.7503433228,0.604404895029
25.4820270538,33.0652542114,35.794052124,0.604238174425
25.3988037109,33.0421218872,35.8457450867,0.605745812422
25.3094844818,33.0166778564,35.8843841553,0.608390772371
25.215429306,32.9922447205,35.9088745117,0.612727287837
25.1229782104,32.9746704102,35.9434814453,0.618939747399
25.0356864929,32.9619865417,35.9919128418,0.625535799143
24.9430503845,32.9531288147,36.0280761719,0.630719181694
24.853269577,32.9529342651,36.0715065002,0.636397531246
24.7658882141,32.9582977295,36.1209030151,0.642699210187
24.6753368378,32.9649047852,36.1635169983,0.646720485373
24.5858860016,32.9644775391,36.2104110718,0.649382522974
24.508523941,32.9687423706,36.2729225159,0.650580250012
24.4206848145,32.9675216675,36.3224601746,0.650101870499
24.3254337311,32.973613739,36.3549995422,0.649911511033
24.2330646515,32.9773674011,36.3937606812,0.641382567889
24.1410732269,32.9720840454,36.4336242676,0.632048539069
24.0488471985,32.9753913879,36.4720649719,0.624926468264
23.9595661163,32.990436554,36.5149002075,0.622322281554
23.8679981232,32.9901847839,36.5561103821,0.62068853052
23.7740192413,32.9940605164,36.5888977051,0.61881861221
23.6857337952,32.9937591553,36.6370849609,0.61193271574
23.5959072113,32.9850540161,36.6803588867,0.610405545926
23.5026264191,32.9832038879,36.7165870667,0.610979432867
23.4154624939,32.9827041626,36.7675933838,0.617358786993
23.324136734,32.9875259399,36.8069343567,0.622627174394
23.2320899963,32.9946937561,36.8456764221,0.62415185557
23.1435413361,32.989315033,36.8933639526,0.626266106378
23.0537128448,32.9795417786,36.9361457825,0.632894777414
22.9672546387,32.9827003479,36.98645401,0.641786709411
22.8730869293,32.9785194397,37.0219764709,0.649418229739
22.7841777802,32.9782752991,37.0668563843,0.655928130083
22.6931362152,32.9826660156,37.1089401245,0.660502531592
22.6080875397,32.987953186,37.1611289978,0.66330861474
22.5180244446,32.9984359741,37.2041893005,0.667105153348
22.4312648773,33.0068054199,37.2529602051,0.670720113109
22.3422241211,33.0218048096,37.2969284058,0.671167855566
22.2513484955,33.0387992859,37.3347091675,0.670307530337
22.1606025696,33.0666656494,37.3676071167,0.665178145504
22.0716743469,33.0810050964,37.4098167419,0.657864730467
21.9820175171,33.0853919983,37.4545631409,0.650620348669
21.8887577057,33.0927581787,37.4900932312,0.64531931308
21.8054027557,33.111076355,37.5427703857,0.642429473263
21.7130260468,33.1200790405,37.5800743103,0.636541362709
21.6259479523,33.1243629456,37.6279029846,0.635325924673
21.5422878265,33.1266517639,37.6841506958,0.634110486637
21.4623451233,33.1198425293,37.741153717,0.62816810678
21.3728218079,33.1436233521,37.787311554,0.6188585861
21.2945785522,33.1658248901,37.8485717773,0.61191715544
21.2208652496,33.176738739,37.9142341614,0.608447778892
21.1344776154,33.193107605,37.9633827209,0.606791780197
21.057559967,33.2092704773,38.025352478,0.607474126863
20.9755477905,33.2174034119,38.0819587708,0.61028136628
20.898235321,33.2235984802,38.1451454163,0.613507096482
20.8144664764,33.2368507385,38.1983718872,0.618954945443
20.7302970886,33.2590293884,38.24842453,0.620676078942
20.650390625,33.2827224731,38.3040542603,0.617271374681
20.5630741119,33.2876663208,38.3519439697,0.614058347214
20.4790668488,33.3003158569,38.4056854248,0.598563912626
20.3858528137,33.3031806946,38.4418258667,0.588353444699
20.2969589233,33.3141860962,38.4845581055,0.574798097052
20.212594986,33.3433113098,38.5309638977,0.569050476025
20.1304759979,33.3603363037,38.5853385925,0.561274042907
20.0436325073,33.3735694885,38.6332015991,0.551719313529
19.9644508362,33.3775672913,38.6944389343,0.549472679635
19.8813209534,33.3839263916,38.7498970032,0.55283999803
19.804933548,33.3906936646,38.8143196106,0.551587293539
19.7267818451,33.40467453,38.8756408691,0.549859277932
19.6419792175,33.4111289978,38.92786026,0.556736641189
19.565114975,33.4217681885,38.9921836853,0.556411622395
19.4816913605,33.4294700623,39.0459442139,0.556095629218
19.4053115845,33.4170799255,39.1102752686,0.552524361511
19.3223361969,33.410774231,39.1662826538,0.548805024725
19.2319145203,33.4093055725,39.2100830078,0.554199256659
19.1542053223,33.4055099487,39.2728805542,0.556092813392
19.0667972565,33.3842163086,39.317237854,0.555870271539
18.9901447296,33.3746070862,39.379486084,0.555383003721
18.9115276337,33.3758659363,39.4424934387,0.559235535151
18.8283557892,33.3736000061,39.4979782104,0.569461468706
18.749622345,33.3602867126,39.5579528809,0.57140435294
18.6692256927,33.3441352844,39.6153945923,0.575566826733
18.5940895081,33.3258132935,39.679019928,0.584503819889
18.5152206421,33.3220405579,39.7413787842,0.587258474764
18.4460105896,33.3006896973,39.811504364,0.589802666233
18.374080658,33.2728767395,39.8738594055,0.5920600085
18.3035430908,33.2627754211,39.9455490112,0.591986826935
18.2267971039,33.2439460754,40.0065422058,0.593506161268
18.1624393463,33.2251281738,40.0814437866,0.59495143434
18.0935649872,33.201675415,40.150428772,0.600706672903
18.0241146088,33.1839027405,40.2205276489,0.605182786262
17.9589157104,33.1756744385,40.2961540222,0.61320054739
17.8838787079,33.1669082642,40.3629417419,0.621880461243
17.8145580292,33.1451225281,40.4314842224,0.627803600414
17.7391796112,33.1337547302,40.4968070984,0.633935468808
17.6683616638,33.1163864136,40.5650787354,0.637724539205
17.5969142914,33.1055259705,40.6351776123,0.639411328488
17.5213508606,33.085773468,40.6985168457,0.640670364969
17.4514713287,33.0520248413,40.7616195679,0.63679867497
17.3803958893,33.0158157349,40.8217086792,0.629708790218
17.3047561646,32.9837379456,40.8790168762,0.623972328959
17.2321662903,32.9447898865,40.9355621338,0.620099357742
17.1601104736,32.9046096802,40.9923439026,0.613546563409
17.0834503174,32.8601837158,41.0404014587,0.600457627511
17.0043888092,32.8243255615,41.0891418457,0.587595503153
16.9254684448,32.8053436279,41.1481399536,0.577156698529
16.8484802246,32.7726173401,41.2036476135,0.570061906862
16.7741260529,32.7262573242,41.2524261475,0.56379980242
16.7079868317,32.6910858154,41.318939209,0.553298444579
16.6418685913,32.6441955566,41.3766517639,0.549550101851
16.5699577332,32.5956420898,41.4307479858,0.546339163415
16.4970703125,32.5503349304,41.4773139954,0.544366816735
16.4187068939,32.5133666992,41.5294151306,0.538854492203
26.7592868805,16.5516891479,41.5085792542,1.74432534774
26.8195896149,16.6263980865,41.4804077148,1.7419565601
26.8757591248,16.7028503418,41.4475479126,1.73821204665
26.9351596832,16.7778625488,41.4190826416,1.73474778276
26.9921283722,16.8548622131,41.390083313,1.73230077578
27.0493545532,16.9305362701,41.3582382202,1.73295835442
27.1061763763,17.0065422058,41.3264579773,1.73546832124
27.1630992889,17.0821151733,41.2937812805,1.73850999957
27.2198753357,17.1583023071,41.2623710632,1.74184358418
27.2761497498,17.236038208,41.2339439392,1.74616605786
27.3335266113,17.3103065491,41.1990623474,1.75212745162
27.3909568787,17.3845176697,41.1642684937,1.75826637932
27.446231842,17.4622440338,41.1336975098,1.76020174213
27.4957733154,17.5407657623,41.0953598022,1.7600605073
27.5345077515,17.6263217926,41.0615615845,1.75667902295
27.5634536743,17.7170600891,41.0304985046,1.7483793675
27.5941371918,17.8055706024,40.9953536987,1.73917426651
27.6211738586,17.8955345154,40.9612541199,1.727959046
27.6541538239,17.9816532135,40.9221801758,1.71941268744
27.6883029938,18.0701961517,40.8905982971,1.71260592092
27.7214679718,18.1590957642,40.8588409424,1.70639698246
27.7517776489,18.2478485107,40.823928833,1.70248192623
27.7839622498,18.3377323151,40.793800354,1.70102382513
27.8196125031,18.4268665314,40.7652435303,1.69956572403
27.8584575653,18.5138626099,40.7346115112,1.69927975398
27.8982257843,18.5991516113,40.7004814148,1.69967427098
27.9380779266,18.6840553284,40.6655654907,1.7003675869
27.9820156097,18.7689819336,40.6360282898,1.7040119967
28.0227870941,18.8542060852,40.6031455994,1.70748522855
28.0682754517,18.9390735626,40.5759773254,1.71043350893
28.1066474915,19.0282993317,40.5500793457,1.71476046512
28.1538944244,19.1052150726,40.5075683594,1.70924686804
28.2056388855,19.1808948517,40.4671936035,1.70155544805
28.2540283203,19.254529953,40.4197921753,1.6955445407
28.3059024811,19.3266277313,40.3738632202,1.69000278209
28.3594646454,19.398235321,40.3289909363,1.68420089046
28.4096469879,19.4713096619,40.2826538086,1.67896980801
28.4629077911,19.5467281342,40.2438392639,1.67582433462
28.5153522491,19.6214561462,40.20287323,1.67302597269
28.5669879913,19.6956119537,40.159942627,1.6716281888
28.6160430908,19.7728252411,40.1190605164,1.66955031941
28.6610774994,19.8539409637,40.0818901062,1.6677271404
28.702173233,19.9393234253,40.0495529175,1.66654337969
28.74243927,20.0236854553,40.0138130188,1.6656077461
28.7837543488,20.1085891724,39.9806594849,1.66482843377
28.8252887726,20.1938171387,39.948513031,1.66382287637
28.8697891235,20.2767887115,39.9145011902,1.66274106326
28.9103050232,20.3605518341,39.877784729,1.6601257977
28.953830719,20.4441204071,39.8440284729,1.65755020328
28.9964332581,20.5266819,39.8069038391,1.6561990441
29.0370941162,20.6111736298,39.7713165283,1.6545723255
29.0811824799,20.6949768066,39.738609314,1.65280168965
29.1320819855,20.7750701904,39.7070198059,1.64919608374
29.1788825989,20.8561859131,39.6717185974,1.64670253775
29.2240505219,20.9378795624,39.6356048584,1.64420899175
29.2699756622,21.0204582214,39.602596283,1.64333040798
29.3159580231,21.1027908325,39.569152832,1.64364118897
29.361164093,21.1831874847,39.5302734375,1.64547083974
29.410774231,21.2618370056,39.4932861328,1.64714553496
29.4594917297,21.3403625488,39.4549751282,1.64948019708
29.5064239502,21.4183654785,39.4134063721,1.65287140278
29.5582389832,21.4944763184,39.3741607666,1.65657919421
29.6068630219,21.5717220306,39.3330001831,1.66128010457
29.6552715302,21.6473464966,39.2887878418,1.66598101493
29.7038841248,21.7226200104,39.244304657,1.6696797893
29.7480564117,21.8007259369,39.1998176575,1.67278360282
29.7932415009,21.8771266937,39.1537361145,1.6748503199
29.8386459351,21.9575119019,39.1145095825,1.67671880004
29.879196167,22.0390987396,39.0729598999,1.6786479643
29.9138774872,22.1188964844,39.0235595703,1.67881558111
29.9396457672,22.2034568787,38.9765777588,1.67332588364
29.9701290131,22.2870178223,38.9305992126,1.66859731615
30.005651474,22.3685321808,38.8847618103,1.66357695687
30.0416927338,22.4472026825,38.8344192505,1.65909666893
30.079082489,22.5284633636,38.7895927429,1.65493424963
30.1163387299,22.6070480347,38.7400779724,1.65031122414
30.154706955,22.6864204407,38.6927604675,1.64648010269
30.1942310333,22.7670459747,38.6486358643,1.64238325828
30.2314319611,22.8463802338,38.6001281738,1.63837178912
30.2686920166,22.9249076843,38.5503921509,1.63482488319
30.307062149,23.0032310486,38.5013313293,1.63145112746
30.346868515,23.0820217133,38.4541778564,1.62810236778
30.3874092102,23.1614875793,38.4086723328,1.62603575841
30.4242267609,23.2401695251,38.3591308594,1.62437199752
30.4565029144,23.3197212219,38.3076934814,1.62310363514
30.4886417389,23.4012851715,38.2593269348,1.61986459215
30.5194797516,23.4817390442,38.20835495,1.61643989231
30.5453453064,23.5626087189,38.1554832458,1.61245264253
30.5679473877,23.6476306915,38.1076660156,1.6077813779
30.5959148407,23.7320365906,38.0618209839,1.60409878749
30.6202735901,23.8158340454,38.0127334595,1.60014210935
30.6465644836,23.9016265869,37.9684486389,1.5975266822
30.6731262207,23.9878978729,37.9252815247,1.59581542486
30.6954345703,24.0745773315,37.880695343,1.59149486079
30.7178153992,24.163143158,37.839553833,1.58970344758
30.7447910309,24.2512702942,37.8006477356,1.58691570521
30.7708301544,24.3388404846,37.759727478,1.58468692606
30.7976150513,24.4274368286,37.7217559814,1.58299437274
30.8235778809,24.5148124695,37.6805152893,1.58225848273
30.8500022888,24.6020717621,37.6392936707,1.58192420946
30.8793640137,24.691078186,37.6041641235,1.58280231523
30.9105949402,24.7771377563,37.5637817383,1.58311442112
30.9406032562,24.863363266,37.5227050781,1.58261533475
30.9667377472,24.9504337311,37.4809188843,1.58056036663
30.9896755219,25.0380878448,37.4385147095,1.57888249094
31.0117092133,25.1276988983,37.3995819092,1.5773260094
31.036283493,25.215265274,37.3577880859,1.57579915555
31.0616874695,25.3008613586,37.312625885,1.57277390061
31.0893917084,25.3871021271,37.2698936462,1.5714522749
31.1145477295,25.4755649567,37.2305717468,1.56828297962
31.141078949,25.561788559,37.1872596741,1.56504093513
31.1649456024,25.6493206024,37.1449508667,1.56272950777
31.1906681061,25.736082077,37.1021537781,1.56097429302
31.2165126801,25.8206634521,37.0553588867,1.55871387398
31.2434329987,25.9062614441,37.0110931396,1.55767470036
31.2707176208,25.9932785034,36.9697647095,1.55690400278
31.2969093323,26.0800514221,36.92735672,1.5567923804
31.3234024048,26.1667194366,36.8848876953,1.55982949769
31.3507289886,26.2542934418,36.8449516296,1.56035217583
31.3792362213,26.3387947083,36.7994117737,1.56221310775
31.4055538177,26.426404953,36.7589988708,1.56323792248
31.4332199097,26.5111713409,36.7135276794,1.56408705715
31.4565982819,26.5966854095,36.6669502258,1.56383681702
31.4777469635,26.6852836609,36.6253967285,1.56288179864
31.5009365082,26.7744846344,36.586643219,1.56158634374
31.5171337128,26.8636035919,36.5437965393,1.55965464885
31.5380916595,26.9517288208,36.5013198853,1.55568137694
31.5566902161,27.0409984589,36.4601516724,1.55158655334
31.5731258392,27.1298446655,36.4171791077,1.54272677117
31.5914745331,27.2187423706,36.3751296997,1.53621181087
31.6124629974,27.3080120087,36.3351020813,1.53136832128
31.633556366,27.3963508606,36.2931404114,1.52730900746
31.6584091187,27.4829521179,36.2497177124,1.52170172882
31.680639267,27.5702457428,36.2062759399,1.51731182494
31.7031536102,27.6601352692,36.1684799194,1.51202047672
31.7244873047,27.7473201752,36.1242294312,1.50665112902
31.7465839386,27.8367862701,36.0852470398,1.50167401904
31.7665843964,27.9245433807,36.0415992737,1.49449713164
31.786649704,28.0145225525,36.0025558472,1.49035596662
31.8065452576,28.101398468,35.9571609497,1.48623611986
31.8276672363,28.1884994507,35.9123344421,1.4831875175
31.8457202911,28.2797660828,35.8755683899,1.47987559918
31.8600330353,28.3721790314,35.8400802612,1.47592172063
31.875043869,28.4619655609,35.7985076904,1.47463267759
31.8902359009,28.5520095825,35.7575035095,1.47338991012
31.9061660767,28.643901825,35.7210693359,1.47264092266
31.9162406921,28.7373943329,35.6868972778,1.47163777158
31.9256210327,28.831407547,35.6540756226,1.47080283693
31.9393463135,28.9252109528,35.6217498779,1.47037092685
31.949760437,29.0193576813,35.5888633728,1.46944604556
31.9560432434,29.1150093079,35.5601768494,1.46852116426
31.9624118805,29.2114219666,35.5346984863,1.4667827686
31.9746303558,29.3057098389,35.5029373169,1.46483012298
31.9823303223,29.400932312,35.4728012085,1.46369907289
31.9936103821,29.4966907501,35.446231842,1.46144680439
32.0010147095,29.5931816101,35.4206352234,1.4585617004
32.0132217407,29.6891403198,35.3950309753,1.45756731737
32.0244979858,29.7847938538,35.3677558899,1.45515825642
32.0349502563,29.8795127869,35.3372573853,1.45354899
32.0453414917,29.9764595032,35.3144340515,1.45253037258
32.0543556213,30.0732460022,35.2907295227,1.45150292903
32.0598449707,30.1691608429,35.2627639771,1.45142109106
32.0663299561,30.2671051025,35.2425689697,1.45182461332
32.0724372864,30.3653678894,35.2242431641,1.4519354838
32.0779266357,30.4625873566,35.1999320984,1.45169307824
32.0800819397,30.5605258942,35.1800346375,1.45145067267
32.0784187317,30.6594676971,35.1659393311,1.45016724083
32.0766181946,30.7571468353,35.1436767578,1.44891679501
32.0783462524,30.8550434113,35.1224441528,1.44688545315
32.0752944946,30.9529476166,35.1022109985,1.44246221205
32.0718955994,31.0515022278,35.0852470398,1.43943268146
32.0669403076,31.1487960815,35.0624809265,1.43385420521
32.0661621094,31.2474784851,35.0457496643,1.42914623555
32.0612792969,31.3462219238,35.0309562683,1.42349426187
32.0643463135,31.444442749,35.0115966797,1.41613397905
32.0591468811,31.5432796478,34.997127533,1.40968523257
32.0615653992,31.6421356201,34.9819450378,1.402191067
32.0608520508,31.7404193878,34.9631958008,1.3953429009
32.0590858459,31.8398456573,34.9519767761,1.39035620057
32.0587539673,31.938331604,34.9346542358,1.3853070921
32.0597229004,32.0372810364,34.919757843,1.38082675167
32.0611610413,32.1368789673,34.9085235596,1.37634641125
32.0598640442,32.2363243103,34.8970336914,1.37485670528
32.0567359924,32.3357124329,34.885887146,1.37345618878
32.0537757874,32.4353675842,34.8769264221,1.3722967843
32.0508537292,32.5353431702,34.8718757629,1.37161702484
32.0445785522,32.6352615356,34.8722801208,1.37133165992
32.0334472656,32.7348060608,34.8758926392,1.37361711578
32.0217018127,32.8339271545,34.8708457947,1.37571731391
32.0093269348,32.9329414368,34.8662490845,1.37941451989
31.9959583282,33.0321540833,34.8695831299,1.38320211924
31.9838180542,33.1316757202,34.8755493164,1.38698971859
31.9775562286,33.2314796448,34.8755493164,1.38880181237
31.9762992859,33.3310546875,34.8652038574,1.39221405229
31.970085144,33.4297561646,34.8496665955,1.39703139512
31.9701480865,33.5286178589,34.8350257874,1.40059447916
31.9742774963,33.6273345947,34.818649292,1.40373722825
31.9741821289,33.7245788574,34.7946815491,1.40740961167
31.9733905792,33.8201599121,34.7650108337,1.40902601851
31.9764881134,33.9156455994,34.7352485657,1.40982605596
31.9750137329,34.0121612549,34.7087440491,1.41131523448
31.9788227081,34.1096115112,34.6862487793,1.41349916483
31.9791526794,34.2062187195,34.6596794128,1.41891012561
31.9667663574,34.3010520935,34.6301994324,1.42028996353
31.9475841522,34.3974456787,34.611240387,1.41723517625
31.9249610901,34.4915008545,34.585773468,1.41289990767
31.9020957947,34.5867233276,34.5628700256,1.40876462677
31.8768138885,34.6828308105,34.546295166,1.40476044469
31.8406162262,34.7743644714,34.5301551819,1.40075626261
31.7917709351,34.8594779968,34.5105018616,1.38636878222
31.754945755,34.9505310059,34.4917945862,1.38308009604
31.7194919586,35.0420417786,34.4729385376,1.37934696013
31.6690731049,35.1257324219,34.4522171021,1.36822640465
31.6102638245,35.2053184509,34.4331817627,1.35710584917
31.5526275635,35.2856369019,34.4167060852,1.34779869657
31.4952964783,35.3637504578,34.3913612366,1.33626016593
31.4316082001,35.4352531433,34.3646011353,1.31663485139
31.3620281219,35.4940605164,34.3226394653,1.28125591597
31.2849254608,35.5370941162,34.2759399414,1.24093791183
31.2188282013,35.5933685303,34.2257919312,1.20661478962
31.1474971771,35.650188446,34.184387207,1.17265006382
31.0709266663,35.6942825317,34.1375007629,1.13691959443
30.9974479675,35.741897583,34.0890655518,1.10274337975
30.9188213348,35.7904052734,34.0505943298,1.06979234548
30.8482284546,35.8467674255,34.0084648132,1.04910603707
30.7816295624,35.9117698669,33.9712753296,1.03115732769
30.7047290802,35.9627037048,33.9324913025,1.00606444712
30.624004364,36.0077819824,33.8944587708,0.98230303865
30.5362606049,36.0483131409,33.8675117493,0.960377928452
30.4455089569,36.0872306824,33.8492202759,0.938805394872
30.3589382172,36.1309967041,33.8248558044,0.925510562107
30.2760047913,36.1804695129,33.7972450256,0.912215729343
30.1912231445,36.2312049866,33.7818946838,0.902851682833
30.10313797,36.2745094299,33.7624053955,0.895184113623
30.0132236481,36.3134994507,33.7427597046,0.889242798793
29.9228057861,36.3555412292,33.7348060608,0.889232345877
29.8318405151,36.3959846497,33.7236289978,0.890607764074
29.7350234985,36.4180145264,33.712223053,0.890141906927
29.6372489929,36.4369468689,33.7064437866,0.88866168029
29.5378723145,36.4481277466,33.6991081238,0.889336945912
29.4383831024,36.4591827393,33.6968841553,0.890467474384
29.3386631012,36.4599227905,33.6903533936,0.887854171558
29.2384777069,36.4565162659,33.6886634827,0.886649663755
29.1383914948,36.4583625793,33.6882171631,0.885445155952
29.0390396118,36.469379425,33.680305481,0.881896077666
28.939661026,36.4646949768,33.6738777161,0.872598274683
28.8401317596,36.4545936584,33.6770515442,0.860532889469
28.7412700653,36.4504470825,33.692150116,0.848626434844
28.6423435211,36.4523696899,33.7069740295,0.841923988828
28.5429782867,36.4403915405,33.7132263184,0.837013532039
28.4448127747,36.4256973267,33.7263717651,0.832662613842
28.3484134674,36.4135704041,33.7501983643,0.830153675534
28.2503566742,36.4053611755,33.7688407898,0.830620717966
28.1520252228,36.3929672241,33.7829704285,0.830973875618
28.0552444458,36.3769073486,33.8024711609,0.831118913634
27.9585990906,36.3691596985,33.8277168274,0.83452985756
27.8643875122,36.3618354797,33.8607063293,0.838156534238
27.7674942017,36.3549842834,33.885181427,0.840484603081
27.6726932526,36.3508682251,33.9162483215,0.84285893279
27.5770874023,36.344619751,33.9446983337,0.845789254031
27.481388092,36.3401107788,33.9734535217,0.849739310648
27.3883247375,36.3289070129,34.0097961426,0.857790233499
27.2925167084,36.3278656006,34.0370941162,0.863830111
27.1997013092,36.3334312439,34.0746231079,0.867234583829
27.1034088135,36.336769104,34.1013832092,0.870146149551
27.0073661804,36.3371162415,34.1295814514,0.873253978836
26.9123535156,36.3383522034,34.1611824036,0.875881438318
26.8193645477,36.3409156799,34.1980476379,0.877855234905
26.7264633179,36.3450775146,34.2349815369,0.879364726506
26.6330032349,36.34948349,34.2705383301,0.881216239082
26.5408153534,36.3532905579,34.3093032837,0.883230385274
26.4483394623,36.3601303101,34.3469314575,0.886250630474
26.3545513153,36.3641891479,34.3819618225,0.889765704143
26.2634868622,36.37159729,34.4223518372,0.894487156753
26.1736774445,36.3815879822,34.4654579163,0.899959981449
26.0798797607,36.3911399841,34.4989967346,0.902894906367
25.9910697937,36.403591156,34.5432739258,0.90777328422
25.9009094238,36.415512085,34.5851860046,0.913668655991
25.8077487946,36.4320373535,34.6179084778,0.914836280922
25.7168064117,36.4599723816,34.6488342285,0.912365396266
25.6299114227,36.5015983582,34.6743545532,0.899515156706
25.5459156036,36.5513114929,34.6941375732,0.877327124571
25.4714508057,36.6120185852,34.723613739,0.851626130355
25.3933258057,36.6735305786,34.7346420288,0.823934046825
25.3170776367,36.737827301,34.742477417,0.795038936826
25.2391357422,36.7992324829,34.7561454773,0.763823994196
25.1668109894,36.8675918579,34.7659492493,0.735226516859
25.0896167755,36.9308052063,34.7689056396,0.711484163677
25.0103302002,36.9903030396,34.7838630676,0.690014198591
24.9284038544,37.0473632812,34.7913208008,0.676294851905
24.8468780518,37.1005210876,34.8138504028,0.662369468997
24.7620544434,37.1518554688,34.8262748718,0.653176971541
24.6733818054,37.1940422058,34.8443260193,0.647052665354
24.5857315063,37.2362365723,34.8673362732,0.641072090006
24.4988212585,37.2794113159,34.8916549683,0.643481928332
24.4083099365,37.3130569458,34.9181480408,0.646912906397
24.317489624,37.3516235352,34.9376754761,0.650044723037
24.2311573029,37.39220047,34.9685325623,0.655632054104
24.145450592,37.4385871887,34.99010849,0.659938063013
24.0627613068,37.4890327454,35.0154457092,0.661111158721
23.9862327576,37.5481796265,35.0404701233,0.667435318054
23.9012069702,37.5987892151,35.0564231873,0.679126623364
23.8117084503,37.644733429,35.0644874573,0.691172865406
23.7240180969,37.6932983398,35.068397522,0.705153145472
23.6442832947,37.7529525757,35.075504303,0.72039741958
23.5570259094,37.8024215698,35.0797653198,0.739324244526
23.4753990173,37.8598136902,35.0749702454,0.757714634472
23.3883590698,37.9090919495,35.0698890686,0.772177715735
23.3020324707,37.9597129822,35.0767402649,0.783666844414
23.2153968811,38.0051803589,35.0968093872,0.790230822475
23.1316661835,38.0524864197,35.1244430542,0.787198965399
23.0527687073,38.1060676575,35.1547164917,0.787971179232
22.9677143097,38.147228241,35.184967041,0.796206051151
22.8790245056,38.1841163635,35.2146186829,0.80444092307
22.8009910583,38.2254257202,35.2592887878,0.807244356334
22.7264633179,38.2611808777,35.3160896301,0.80142162193
22.6585597992,38.3095054626,35.3714294434,0.801305843544
22.5895004272,38.3466835022,35.4335823059,0.798451762626
22.5215206146,38.3843383789,35.4966888428,0.795618546715
22.4526920319,38.4197616577,35.5595664978,0.796121903483
22.3851947784,38.447467804,35.6283302307,0.795338014879
22.330280304,38.4899787903,35.7006187439,0.794712424395
22.2698307037,38.5150337219,35.7763786316,0.793351586158
22.2205371857,38.542049408,35.8586807251,0.788225566112
22.1681861877,38.5544891357,35.9427223206,0.770882641578
22.1099662781,38.5716590881,36.0224609375,0.762373439749
22.0558986664,38.5823669434,36.1055603027,0.753985130988
21.9947528839,38.5919036865,36.1838951111,0.744648846047
21.9264640808,38.6012229919,36.256603241,0.739579968736
21.8559303284,38.6144523621,36.3261489868,0.736792330341
21.780380249,38.625328064,36.390953064,0.734862422448
21.7035198212,38.6380271912,36.4542617798,0.737634605264
21.6293087006,38.656539917,36.5188980103,0.74337521208
21.5609951019,38.6838150024,36.5866966248,0.749448979761
21.4906406403,38.7136001587,36.6511192322,0.757897008328
21.4146957397,38.7394714355,36.7110862732,0.769292383278
21.3431282043,38.7644309998,36.7767105103,0.781326639276
21.2731838226,38.795009613,36.8413162231,0.793392996421
21.2017822266,38.8297309875,36.9023628235,0.803889638761
21.1270484924,38.860622406,36.9611740112,0.814025927953
21.0474758148,38.8899536133,37.0144424438,0.820345318656
20.9685306549,38.9131393433,37.0714073181,0.821807609046
20.8889122009,38.9254989624,37.1308555603,0.825606751488
20.813079834,38.9339790344,37.1956253052,0.825164924371
20.7299957275,38.9426231384,37.2506828308,0.819152386167
20.64402771,38.9368057251,37.3018188477,0.814936818783
20.5622844696,38.9283905029,37.3588943481,0.811013920334
20.4862136841,38.9279098511,37.4242897034,0.809426801574
20.405670166,38.9285926819,37.4829063416,0.808996894112
20.3208312988,38.9261512756,37.5361061096,0.810598733259
20.2452125549,38.9213256836,37.59400177,0.812233217206
20.1687679291,38.9128112793,37.6384506226,0.815175975894
20.0785713196,38.9114990234,37.7125244141,0.817581641412
26.7592868805,16.5516891479,41.5085792542,1.74432534774
26.8196392059,16.6264648438,41.480381012,1.74195244481
26.8758602142,16.7029876709,41.4474945068,1.73820553966
26.9353218079,16.7780628204,41.4190101624,1.73474105606
26.9923324585,16.8551330566,41.3899688721,1.73229254209
27.0496101379,16.9308757782,41.3580970764,1.73296955648
27.1064796448,17.0069484711,41.3262863159,1.73548176408
27.1634559631,17.0825862885,41.2935752869,1.73853082939
27.2202796936,17.1588535309,41.2621612549,1.74186738974
27.2766056061,17.2366542816,41.2336997986,1.74620179947
27.3340415955,17.3109588623,41.1987342834,1.75218224941
27.3915138245,17.385269165,41.163974762,1.75832665416
27.4468021393,17.4630718231,41.1333084106,1.76020022933
27.4962940216,17.5417041779,41.0949134827,1.76005886846
27.5349140167,17.6274471283,41.0611953735,1.75657963535
27.5638179779,17.7182617188,41.0300254822,1.7482562268
27.5945968628,17.806842804,40.9948959351,1.73904244491
27.6216907501,17.8968315125,40.9606513977,1.72779767102
27.6546764374,17.9830570221,40.9216003418,1.71928264136
27.6888961792,18.0717105865,40.8901062012,1.7124979849
27.7220191956,18.1606712341,40.8582038879,1.70629208361
27.7523479462,18.2495326996,40.8233261108,1.70245459501
27.7846298218,18.3394947052,40.7932357788,1.70099519203
27.8203792572,18.4286766052,40.7646446228,1.69953578905
27.8593120575,18.5157012939,40.7339172363,1.69928789915
27.8990955353,18.6010475159,40.6996803284,1.6996897424
27.9390678406,18.6860237122,40.6648330688,1.70038367678
27.9830169678,18.7710418701,40.6352729797,1.7040997558
28.023897171,18.8563079834,40.6023788452,1.70755891258
28.0693912506,18.9413356781,40.5753517151,1.71050982789
28.1076831818,19.0305690765,40.5491294861,1.71488929223
28.1553688049,19.1072864532,40.5064659119,1.70898719683
28.2070388794,19.1830654144,40.465965271,1.70137665776
28.2554740906,19.2566223145,40.4183006287,1.69537840308
28.307554245,19.3288497925,40.3726081848,1.6898372767
28.3610057831,19.4004821777,40.3274612427,1.6839760021
28.41132164,19.4737052917,40.2813186646,1.67886872464
28.464679718,19.5492286682,40.2425880432,1.67572044256
28.517074585,19.6239318848,40.2013168335,1.6730186726
28.5687465668,19.6982765198,40.158531189,1.67155585603
28.617729187,19.7756309509,40.1176300049,1.66947612878
28.6626338959,19.8570175171,40.0806655884,1.66768381645
28.7036762238,19.9425354004,40.0483169556,1.66649899986
28.7440071106,20.0269107819,40.0124435425,1.66557783214
28.7853889465,20.1119441986,39.9794197083,1.66479782367
28.8269882202,20.1972064972,39.947177887,1.66377942028
28.8715686798,20.2801685333,39.9129905701,1.66269664087
28.9120330811,20.3641319275,39.8764228821,1.65997370499
28.9557361603,20.4476356506,39.8424835205,1.65746266918
28.9982223511,20.5303344727,39.8052787781,1.65614731689
29.038942337,20.6149635315,39.7698020935,1.65449330001
29.0833721161,20.6987018585,39.7371711731,1.65272108697
29.1343288422,20.7788276672,39.7054634094,1.64908033928
29.1810359955,20.8600330353,39.6699943542,1.6465845665
29.2262306213,20.9418373108,39.6339187622,1.64408879372
29.2722549438,21.0245246887,39.6010360718,1.643339952
29.3182067871,21.1068611145,39.5673103333,1.64373264928
29.3635463715,21.1872234344,39.5282859802,1.64556392618
29.4134197235,21.2658882141,39.4914283752,1.64722868594
29.4619026184,21.3445129395,39.4527931213,1.64965761384
29.5091304779,21.4224624634,39.4112625122,1.65306334424
29.5609874725,21.4986572266,39.3719940186,1.65683514803
29.609495163,21.5759868622,39.3306350708,1.66154025945
29.6581020355,21.651468277,39.2862091064,1.66624537086
29.7064743042,21.727098465,39.2418556213,1.66985710098
29.7506103516,21.8051242828,39.1970176697,1.67296368677
29.7960033417,21.8817653656,39.1513442993,1.67495586985
29.8412132263,21.9623966217,39.112159729,1.6768341775
29.8814926147,22.044002533,39.0702133179,1.67876506627
29.9155960083,22.1239738464,39.0205230713,1.67871863269
29.9413700104,22.2087211609,38.9736633301,1.6730304183
29.9723014832,22.292257309,38.9277572632,1.66829763215
30.0078334808,22.373632431,38.8815040588,1.66317939184
30.0441818237,22.4523983002,38.831363678,1.65890983695
30.081533432,22.533744812,38.7864723206,1.65462889344
30.1188430786,22.6122722626,38.7367019653,1.65000172291
30.1575107574,22.6919403076,38.6899681091,1.64612258571
30.1968326569,22.7725334167,38.6454048157,1.64210753103
30.2339992523,22.8518676758,38.5966720581,1.63809247634
30.2713565826,22.9304294586,38.5468940735,1.63458696534
30.3098526001,23.0088348389,38.4978866577,1.63121020337
30.3498096466,23.0877552032,38.4508743286,1.6279529473
30.3902931213,23.1672935486,38.4052658081,1.62588449824
30.4267158508,23.2459583282,38.35521698,1.62430122861
30.4588890076,23.3258609772,38.3041000366,1.6229032854
30.491071701,23.4074230194,38.2555618286,1.61960474553
30.521692276,23.4878845215,38.2043075562,1.61617698775
30.547044754,23.5692138672,38.1517601013,1.61195971121
30.5699768066,23.6542263031,38.1039047241,1.60753023213
30.5979690552,23.7386989594,38.0579986572,1.60378446637
30.622220993,23.8226146698,38.0088768005,1.5998242503
30.6488361359,23.9086856842,37.9651031494,1.59738768105
30.675031662,23.9948425293,37.9213218689,1.5955625093
30.6972389221,24.0819988251,37.8773956299,1.59110106297
30.7199611664,24.1704883575,37.836101532,1.58967968713
30.7469997406,24.2587909698,37.7973976135,1.58672669548
30.7730808258,24.3463191986,37.7561759949,1.58449593364
30.799943924,24.4351730347,37.7186355591,1.5829495933
30.8258132935,24.522354126,37.676651001,1.58219229597
30.8524780273,24.6099491119,37.6361312866,1.5820065656
30.8821125031,24.6988792419,37.6007957458,1.58283017505
30.9134025574,24.7848358154,37.5599899292,1.58314255849
30.9431648254,24.8713283539,37.5190925598,1.58241137279
30.9689769745,24.958360672,37.4768180847,1.58039516337
30.9915962219,25.0464382172,37.4349060059,1.57873282078
31.0139446259,25.136007309,37.3958358765,1.57718291378
31.038640976,25.2234134674,37.3535804749,1.57565469989
31.0643615723,25.3091468811,37.308681488,1.57264513178
31.0918655396,25.3954963684,37.2658348083,1.57132628964
31.1172466278,25.4839725494,37.2264633179,1.56795470293
31.1433925629,25.5703544617,37.1830368042,1.56475247636
31.167432785,25.6579799652,37.1407966614,1.56255559918
31.1932735443,25.7446498871,37.097694397,1.56079882472
31.2191429138,25.8291702271,37.0506057739,1.55853670837
31.2462329865,25.9150886536,37.0068435669,1.55757714409
31.2734565735,26.0022106171,36.9654922485,1.55689254455
31.299571991,26.0889987946,36.9228515625,1.55678082207
31.326467514,26.1759319305,36.881023407,1.56003148335
31.3535480499,26.2633094788,36.840259552,1.56035815783
31.3822593689,26.3478412628,36.7947273254,1.5624387049
31.4084243774,26.4357299805,36.7545776367,1.56332887214
31.4361019135,26.5202217102,36.7083320618,1.56417877071
31.4588127136,26.6062355042,36.6621665955,1.56373281449
31.4804191589,26.6950683594,36.6211700439,1.56277694601
31.5027503967,26.7843914032,36.5820159912,1.56137252487
31.5194664001,26.8734359741,36.5390472412,1.55943910762
31.540014267,26.961643219,36.4963188171,1.55523039032
31.5589370728,27.0512466431,36.4558410645,1.55093303006
31.5749015808,27.1399879456,36.4122085571,1.54168443951
31.5938968658,27.2291259766,36.3707427979,1.53559836773
31.6148262024,27.3181304932,36.3299102783,1.530991432
31.6362552643,27.4068470001,36.2887115479,1.52673676688
31.6610889435,27.4931106567,36.2443656921,1.52124604989
31.6833953857,27.5810050964,36.2020263672,1.51669937846
31.7056751251,27.6705207825,36.1630859375,1.51134576701
31.7271938324,27.7580928802,36.1195335388,1.50609414094
31.7487545013,27.8473472595,36.0796318054,1.50092242108
31.7692546844,27.9354724884,36.036781311,1.49399073832
31.7890548706,28.0254936218,35.9974822998,1.48984584482
31.8088912964,28.1120586395,35.9512367249,1.48577300046
31.830368042,28.1996307373,35.9072647095,1.48282188616
31.8472652435,28.2915916443,35.8714904785,1.47921568773
31.8620300293,28.3836212158,35.8349914551,1.47575832705
31.876909256,28.473400116,35.7931137085,1.47446813554
31.8923397064,28.563709259,35.752571106,1.47329363685
31.9079456329,28.6559257507,35.7165870667,1.47254398111
31.9171218872,28.7496509552,35.6825065613,1.47146785768
31.9273872375,28.8437252045,35.6498832703,1.47076670502
31.9409618378,28.9376068115,35.6173591614,1.47024874957
31.9508323669,29.0319652557,35.584690094,1.46932304035
31.956577301,29.1279964447,35.5569458008,1.46839733113
31.9639587402,29.2241916656,35.5306282043,1.46651958917
31.9760723114,29.3185214996,35.4985923767,1.46456518967
31.9834747314,29.4140014648,35.4689865112,1.46360133797
31.9946269989,29.5099945068,35.4428443909,1.46098675274
32.0022468567,29.6064891815,35.4170036316,1.45820916571
32.0149154663,29.7025127411,35.3915023804,1.45704524506
32.0262680054,29.7980632782,35.3635597229,1.45492020947
32.0361938477,29.8930282593,35.3334236145,1.45340531795
32.0468940735,29.9903087616,35.3115348816,1.45238579426
32.0550918579,30.0868186951,35.286315918,1.4512842867
32.0607528687,30.1831436157,35.2594642639,1.4514790846
32.0672454834,30.2813529968,35.2400665283,1.45188296776
32.0733261108,30.3795490265,35.2209091187,1.45190021379
32.0785217285,30.4768314362,35.1964454651,1.45165759216
32.0799331665,30.5751361847,35.1782264709,1.45141497053
32.0780754089,30.6739902496,35.1629714966,1.44998195125
32.0765686035,30.771686554,35.1402053833,1.44873038814
32.0786933899,30.8697795868,35.1196403503,1.44627624195
32.0747566223,30.967754364,35.0993003845,1.44201372618
32.0707969666,31.0663089752,35.0820770264,1.43854199797
32.0670585632,31.1638317108,35.0597648621,1.4331211921
32.065032959,31.2625789642,35.0431289673,1.42850762322
32.061832428,31.3614311218,35.0282478333,1.42234806599
32.0637550354,31.4596691132,35.0085029602,1.41516153842
32.0589141846,31.5588264465,34.995513916,1.40864685548
32.0618972778,31.6575469971,34.9787940979,1.40098397172
32.0605506897,31.7560958862,34.9611473083,1.3941683518
32.0592155457,31.8556423187,34.9500923157,1.3896368329
32.0587043762,31.9540576935,34.9318237305,1.38459122391
32.0600280762,32.0532684326,34.9178352356,1.3801069078
32.0611610413,32.152961731,34.9067192078,1.37603096085
32.0594291687,32.2524642944,34.895149231,1.3746291936
32.0561904907,32.3519630432,34.8842277527,1.37322742635
32.0533714294,32.4517745972,34.8757896423,1.37218514406
32.0501441956,32.5518569946,34.8715248108,1.37150477702
32.0429916382,32.6518173218,34.8729171753,1.3717110963
32.0313987732,32.7513809204,34.8759803772,1.37399859216
32.0197906494,32.8505363464,34.8693008423,1.37626259033
32.0070800781,32.9496612549,34.8664016724,1.38005356053
31.9937515259,33.0490074158,34.8705558777,1.38384453073
31.9820346832,33.1486854553,34.8764419556,1.38744671919
31.9775791168,33.2485771179,34.8740005493,1.38924148546
31.9756088257,33.3481369019,34.8629608154,1.39283202939
31.9690933228,33.4468040466,34.8467292786,1.39805142959
31.9711151123,33.5458755493,34.8326911926,1.40097170167
31.9745368958,33.6444664001,34.8149757385,1.40437974351
31.9738197327,33.7414932251,34.7897644043,1.40804007272
31.9742679596,33.8369865417,34.7596282959,1.40901547857
31.976650238,33.9328422546,34.7302131653,1.4101385011
31.986700058,34.0323867798,34.7278594971,1.40040998181
32.0022239685,34.1312294006,34.7237854004,1.3909483853
32.0090179443,34.2310562134,34.7243652344,1.38151599624
32.0263252258,34.3294029236,34.7325668335,1.36932467474
32.0433502197,34.4279708862,34.7375793457,1.35861125877
32.057220459,34.5263595581,34.7497062683,1.34744905042
32.078414917,34.6234741211,34.7616729736,1.33428393898
32.0826568604,34.7245635986,34.765460968,1.32963770462
32.0883560181,34.8233451843,34.7765464783,1.32499147027
32.1138801575,34.9133300781,34.8098487854,1.30219305446
32.1432495117,34.9964027405,34.8601760864,1.27727082523
32.1485481262,35.0954246521,34.8764343262,1.26806851887
32.1604156494,35.193069458,34.8915596008,1.26103013474
32.1811180115,35.2816085815,34.9334602356,1.23992501571
32.1975822449,35.3655891418,34.9856262207,1.21551444471
32.2179794312,35.4541130066,35.0301856995,1.19491499315
32.2455787659,35.5411300659,35.0727729797,1.17431554159
32.2818756104,35.6177864075,35.1237182617,1.14983543175
32.3250808716,35.6811294556,35.1877441406,1.11439179809
32.367225647,35.7392997742,35.259021759,1.07894816443
32.3997688293,35.8007011414,35.3314247131,1.04273592153
32.4379920959,35.8568496704,35.4047851562,0.996826602493
32.4563827515,35.9049606323,35.4893226624,0.942135912176
32.4573516846,35.9652824402,35.5704040527,0.882035200995
32.4765777588,36.0065116882,35.6620941162,0.816945121225
32.5042076111,36.0233802795,35.7597503662,0.751855041455
32.5326499939,36.0273475647,35.8556976318,0.689869871462
32.5683441162,36.049747467,35.9470100403,0.640073988343
32.6033401489,36.0697860718,36.0383377075,0.590722136957
32.6364212036,36.0847396851,36.1315841675,0.5567415391
32.6791152954,36.0962677002,36.2209129333,0.520646548177
32.705871582,36.1054077148,36.3177185059,0.485946759878
32.7386741638,36.1270179749,36.4097480774,0.454253234407
32.7953720093,36.14503479,36.491645813,0.445159807593
32.8457832336,36.1607131958,36.5761604309,0.436066380779
32.8692932129,36.1807975769,36.6713447571,0.432112694378
32.9193153381,36.2084236145,36.754611969,0.434993403836
32.9713439941,36.2448768616,36.8332366943,0.438376021373
33.0018081665,36.2746887207,36.9225616455,0.437173381809
33.0426063538,36.3030776978,37.0095405579,0.437357871076
33.0923194885,36.3310050964,37.0916481018,0.439318328311
33.1326408386,36.3621826172,37.1773376465,0.435473401864
33.1591186523,36.407787323,37.2629699707,0.432285933053
33.1817817688,36.4462051392,37.353012085,0.429808524668
33.2104949951,36.4725341797,37.4452972412,0.434080580686
33.232334137,36.5150489807,37.5338401794,0.440602170119
33.271068573,36.5648994446,37.611240387,0.448248233911
33.2914505005,36.6155204773,37.6948661804,0.451226191036
33.3271713257,36.670791626,37.7695388794,0.454154371692
33.3607673645,36.7213287354,37.8483123779,0.457220221814
33.3872375488,36.7571296692,37.937297821,0.460357840027
33.4382476807,36.7833328247,38.0201950073,0.463670686981
33.4682693481,36.813659668,38.1109695435,0.47127742029
33.509853363,36.8462905884,38.1952171326,0.47948776107
33.5452766418,36.8779258728,38.2829475403,0.48191487621
33.5927200317,36.907119751,38.3660354614,0.479483055808
33.6304664612,36.930065155,38.455696106,0.475080861898
33.6855239868,36.952999115,38.5370025635,0.470278954929
33.722202301,36.9839439392,38.6246299744,0.467095584169
33.7729988098,36.9978485107,38.7102928162,0.46139868829
33.8188972473,37.015083313,38.7972640991,0.455450718893
33.8854637146,37.0221481323,38.87159729,0.451691594755
33.9355621338,37.0335350037,38.9579772949,0.449084534892
33.9771881104,37.0378723145,39.0490875244,0.450704066422
34.0312652588,37.0332107544,39.132850647,0.449794314387
34.0877494812,37.0269813538,39.2152481079,0.452953327023
34.131603241,37.0260887146,39.3050422668,0.457339794968
34.1760406494,37.0282783508,39.3951339722,0.45435741381
34.2037773132,37.0327796936,39.4908866882,0.451532476846
34.2376594543,37.0385284424,39.5851097107,0.452612904719
34.2853469849,37.0362739563,39.6725006104,0.449927465219
34.3348197937,37.0235595703,39.7581253052,0.441517677177
34.3910140991,37.0230941772,39.8408622742,0.43531642787
34.4256820679,37.0333900452,39.9349594116,0.433698477689
34.4793052673,37.0446929932,40.0177268982,0.436014064719
34.5419082642,37.0487823486,40.0962753296,0.437264129471
34.6026802063,37.0493125916,40.1757011414,0.428644803827
34.6713638306,37.0514984131,40.2485923767,0.421518545877
34.7548599243,37.0581588745,40.3035430908,0.416046973163
34.8350257874,37.0503044128,40.3632545471,0.419114201094
34.9169120789,37.0456085205,40.4218139648,0.412452559167
35.0043907166,37.033164978,40.4677963257,0.406147471985
35.087638855,37.0354766846,40.5246124268,0.400211343682
35.1694259644,37.0274772644,40.5813331604,0.402483217949
35.2575416565,37.0087203979,40.6245307922,0.394146716993
35.3467254639,36.9858322144,40.6636199951,0.384228455402
35.4311408997,36.9533958435,40.7060394287,0.375538503923
35.5094909668,36.9244537354,40.7634086609,0.367416100503
35.5970077515,36.9061584473,40.8086166382,0.367053675176
35.6886940002,36.8874855042,40.8460159302,0.368469967615
35.7690734863,36.8622360229,40.8954353333,0.367197721495
35.8517494202,36.8269844055,40.9034996033,0.361788685306
35.9489784241,36.7834510803,40.9393997192,0.356798813176
26.7592868805,16.5516891479,41.5085792542,1.74432534774
26.8195724487,16.6263751984,41.4804191589,1.74195804422
26.8757209778,16.7028026581,41.4475669861,1.73821439339
26.9351024628,16.7777900696,41.4191093445,1.7347502089
26.9920539856,16.8547649384,41.39012146,1.73230374537
27.0492630005,16.9304141998,41.3582878113,1.73295431424
27.1060657501,17.00639534,41.3265190125,1.73546347316
27.1629714966,17.081943512,41.2938537598,1.73850248725
27.2197303772,17.1581039429,41.2624435425,1.74183499823
27.2759857178,17.2358169556,41.2340354919,1.74615316905
27.3333396912,17.3100719452,41.1991844177,1.75210768851
27.3907566071,17.3842449188,41.1643753052,1.75824463804
27.4460258484,17.4619445801,41.1338348389,1.76020228781
27.4955844879,17.5404262543,41.0955200195,1.76006109841
27.5343608856,17.6259155273,41.0616950989,1.75671487012
27.5633239746,17.716627121,41.0306663513,1.74842378282
27.5939693451,17.8051128387,40.9955215454,1.73922181787
27.6209888458,17.8950653076,40.9614715576,1.72801724723
27.6539649963,17.9811458588,40.9223899841,1.71945958452
27.6880893707,18.06965065,40.8907737732,1.71264485178
27.7212696075,18.1585273743,40.8590736389,1.70643482057
27.7515716553,18.2472419739,40.8241462708,1.7024917836
27.7837219238,18.337097168,40.794002533,1.70103415213
27.8193359375,18.4262123108,40.7654571533,1.69957652066
27.8581485748,18.5131988525,40.7348632812,1.69927681643
27.8979110718,18.5984668732,40.7007675171,1.69966869168
27.9377231598,18.6833457947,40.6658287048,1.70036178366
27.9816532135,18.7682380676,40.6362991333,1.70397945965
28.0223884583,18.8534469604,40.6034202576,1.70745865353
28.0678710938,18.9382591248,40.5762023926,1.71040598604
28.1062755585,19.0274772644,40.5504188538,1.71471400117
28.1533622742,19.104467392,40.5079650879,1.70934052329
28.2051334381,19.1801109314,40.4676361084,1.70161993231
28.2535076141,19.2537746429,40.4203300476,1.69560446011
28.3053073883,19.3258247375,40.3743133545,1.69006247072
28.3589057922,19.3974266052,40.3295440674,1.68427581554
28.4090423584,19.4704456329,40.2831420898,1.67900625765
28.4622688293,19.5458278656,40.2442932129,1.67586179692
28.5147323608,19.6205615997,40.2034339905,1.67302860528
28.5663547516,19.6946525574,40.1604499817,1.67165427799
28.6154327393,19.7718143463,40.1195793152,1.66957707556
28.6605129242,19.8528327942,40.0823364258,1.66774276407
28.701631546,19.9381637573,40.0499954224,1.66655938607
28.7418746948,20.0225219727,40.0143089294,1.66561853457
28.783164978,20.107378006,39.9811058044,1.66483947171
28.824678421,20.1925926208,39.9489936829,1.66385203511
28.8691444397,20.2755699158,39.9150428772,1.66275708253
28.9096832275,20.3592605591,39.878276825,1.66018064768
28.9531421661,20.4428520203,39.8445854187,1.65758176638
28.9957866669,20.5253658295,39.8074913025,1.65621769566
29.0364284515,20.6098079681,39.77186203,1.65460082331
29.0803966522,20.6936321259,39.7391319275,1.65283075948
29.1312713623,20.7737140656,39.7075805664,1.64923782645
29.1781044006,20.8547973633,39.6723403931,1.64674508308
29.2232646942,20.9364509583,39.63621521,1.64425233972
29.269153595,21.0189933777,39.6031570435,1.64332696605
29.3151473999,21.1013221741,39.5698127747,1.64360820448
29.3603076935,21.181728363,39.5309944153,1.64543726406
29.4098186493,21.2603759766,39.4939575195,1.64711554323
29.4586219788,21.3388652802,39.4557609558,1.64941620699
29.5054531097,21.416885376,39.4141807556,1.65280217413
29.5572452545,21.4929695129,39.3749389648,1.65648688097
29.6059131622,21.5701828003,39.3338508606,1.66118627788
29.6542549133,21.64585495,39.2897186279,1.66588567478
29.7029457092,21.7210063934,39.2451858521,1.66961583424
29.7471370697,21.7991313934,39.2008171082,1.67271865284
29.7922458649,21.8754577637,39.1546096802,1.67481225052
29.8377151489,21.9557514191,39.1153564453,1.67667718826
29.878364563,22.0373268127,39.0739440918,1.67860573412
29.9132385254,22.1170806885,39.0246658325,1.67885054906
29.9390296936,22.2015552521,38.9776306152,1.67343244935
29.9693546295,22.2851257324,38.9316253662,1.66870540358
30.004863739,22.3666877747,38.8859329224,1.66372036356
30.0407943726,22.4453353882,38.8355331421,1.6591640609
30.0781974792,22.5265541077,38.7907104492,1.65504440553
30.1154346466,22.6051635742,38.7412948608,1.65042284951
30.1536941528,22.684431076,38.6937675476,1.64661305581
30.1932888031,22.7650642395,38.6497993469,1.6424826889
30.2305049896,22.8444004059,38.6013755798,1.63847251902
30.2677307129,22.9229164124,38.551651001,1.63491069207
30.3060569763,23.0012111664,38.5025749207,1.63153802844
30.3458099365,23.0799560547,38.4553756714,1.6281653648
30.3863639832,23.1593933105,38.4098968506,1.62609032142
30.4233226776,23.2380809784,38.360534668,1.62439752343
30.4556446075,23.3175106049,38.3089981079,1.62317589364
30.4877624512,23.3990688324,38.2606811523,1.61995831361
30.5186748505,23.4795227051,38.2098083496,1.61653471393
30.5447235107,23.5602378845,38.1568450928,1.61263043656
30.5672302246,23.6452522278,38.1090316772,1.60787195078
30.5951633453,23.729631424,38.0631866455,1.6042121663
30.6195755005,23.8133907318,38.0141372681,1.60025676944
30.6457462311,23.8990802765,37.9696578979,1.59757682402
30.6724243164,23.9853878021,37.9266891479,1.59586611617
30.6947822571,24.0719032288,37.8818893433,1.59163690487
30.7170619965,24.1604938507,37.8408050537,1.58971201693
30.7439918518,24.2485485077,37.8017997742,1.58698386498
30.7700214386,24.336145401,37.761013031,1.58475580163
30.7967700958,24.4246368408,37.7228546143,1.58300895077
30.8227710724,24.5120925903,37.6819114685,1.5822823556
30.8491153717,24.5992355347,37.6404533386,1.58189450554
30.8783760071,24.6882572174,37.6053619385,1.58279226826
30.9095802307,24.7743625641,37.5651473999,1.5831042732
30.9396705627,24.8604927063,37.5240058899,1.58268890306
30.9659290314,24.9475727081,37.4823951721,1.58061995767
30.9889812469,25.0350780487,37.4398231506,1.57893648469
31.0109081268,25.1246967316,37.4009284973,1.57737763366
31.0354328156,25.2123203278,37.3592948914,1.57585126659
31.0607357025,25.2978782654,37.3140640259,1.57282033245
31.0884857178,25.3840885162,37.2713813782,1.57149771135
31.1135807037,25.4725246429,37.2320365906,1.56840137978
31.1402359009,25.5587043762,37.188785553,1.565144973
31.1640529633,25.6461963654,37.146446228,1.56279223442
31.1897277832,25.7329864502,37.1037521362,1.56103758232
31.2155685425,25.8176040649,37.0570907593,1.55881862387
31.2424240112,25.9030818939,37.0126342773,1.55770988385
31.2697257996,25.9900550842,36.9713020325,1.5569081353
31.2959461212,26.0768222809,36.9289779663,1.55679654795
31.3223152161,26.1634063721,36.8863182068,1.55969511962
31.3497276306,26.2510261536,36.8466262817,1.5603500181
31.3781337738,26.3355464935,36.8011207581,1.56213174545
31.4045352936,26.4230175018,36.7605514526,1.56320511749
31.4321670532,26.5079116821,36.7154006958,1.5640539814
31.4557933807,26.5932483673,36.6686897278,1.56387432436
31.4768123627,26.6817550659,36.6269378662,1.56291961515
31.50025177,26.7709121704,36.5882987976,1.56166345376
31.5163440704,26.8600482941,36.5455169678,1.55973238605
31.537399292,26.9481525421,36.5031166077,1.55584405603
31.5558300018,27.0372600555,36.4615821838,1.55180299899
31.5724906921,27.1261844635,36.4189720154,1.54310268844
31.5906085968,27.2150020599,36.3767242432,1.53643305839
31.6116085052,27.3043556213,36.3369598389,1.53150425441
31.632598877,27.3925628662,36.2947425842,1.52751538057
31.6574020386,27.4792976379,36.2516441345,1.52186609052
31.6796474457,27.5663833618,36.2078475952,1.51753270554
31.7022380829,27.6563720703,36.1703872681,1.51226382559
31.7235183716,27.7434482574,36.1259536743,1.50685204856
31.7457637787,27.8329563141,36.0872116089,1.50194512264
31.7655925751,27.9206142426,36.0433540344,1.49480979623
31.7857894897,28.0105476379,36.0043563843,1.490539953
31.8057117462,28.0975589752,35.959312439,1.48640315255
31.8266792297,28.1845016479,35.9141960144,1.4833193926
31.8451385498,28.275510788,35.8770523071,1.4801135966
31.8593006134,28.3680458069,35.8418960571,1.47598064078
31.8743724823,28.4578437805,35.8004570007,1.47469201736
31.8894863129,28.5477981567,35.7593078613,1.47342463265
31.9054985046,28.6395721436,35.722694397,1.47267588501
31.9159221649,28.7329769135,35.6884841919,1.47169905295
31.9250030518,28.826965332,35.6555862427,1.47081586888
31.9387454987,28.9207420349,35.6233291626,1.47041498992
31.9493560791,29.0148162842,35.5903892517,1.46949040685
31.9558334351,29.1103363037,35.5613822937,1.46856582379
31.9618835449,29.2068061829,35.5361328125,1.46687770572
31.9740791321,29.3010959625,35.5045166016,1.46492568764
31.981967926,29.3962173462,35.4741897583,1.46373432488
31.9932079315,29.491897583,35.4474563599,1.46161271536
32.0005836487,29.5883846283,35.4219512939,1.45868882479
32.0124511719,29.6843414307,35.3963050842,1.457755585
32.0238571167,29.780002594,35.3692512512,1.45524410452
32.0345344543,29.8746585846,35.338722229,1.45360080238
32.0447731018,29.9714641571,35.3154716492,1.45258251087
32.0540542603,30.0683345795,35.2922554016,1.45156421935
32.0595245361,30.1641292572,35.2639961243,1.45140017654
32.0659942627,30.26197052,35.2434883118,1.45180356954
32.0721130371,30.3602485657,35.2254066467,1.45194820615
32.0776901245,30.4574546814,35.2012138367,1.45170587819
32.0801010132,30.555273056,35.1807785034,1.45146355024
32.078540802,30.6542224884,35.1669654846,1.45023406099
32.0766563416,30.7519035339,35.1449394226,1.44898401649
32.0781707764,30.8497257233,35.1234512329,1.44710515701
32.075553894,30.9476165771,35.103302002,1.44271085735
32.072265625,31.0461330414,35.0862426758,1.43975388828
32.0669403076,31.1433868408,35.0635223389,1.43411856391
32.066493988,31.2420368195,35.0467414856,1.42937259707
32.0611495972,31.3407306671,35.0318908691,1.42390764768
32.0644569397,31.4389514923,35.0127334595,1.41648787342
32.0593070984,31.5376682281,34.9976730347,1.41005971626
32.0613822937,31.6365699768,34.9830513,1.40262646354
32.0608558655,31.7347717285,34.9639892578,1.39575293285
32.0590858459,31.8341445923,34.9526176453,1.39061562574
32.0587997437,31.9326705933,34.9357299805,1.38556532564
32.0596122742,32.0315208435,34.9204711914,1.38108642865
32.0611381531,32.131072998,34.9091644287,1.37660753167
32.0600090027,32.2305030823,34.8977165222,1.37493877982
32.0569343567,32.3298492432,34.8865013123,1.37353871375
32.0539207458,32.4294509888,34.8773651123,1.37233705656
32.0510826111,32.529384613,34.8720397949,1.37165751222
32.0451126099,32.6292877197,34.8720779419,1.37119481087
32.0341873169,32.7288284302,34.875793457,1.37347953014
32.0223770142,32.8279380798,34.8714637756,1.37561150379
32.0101318359,32.9269142151,34.8662490845,1.37918409822
31.9967632294,33.0260772705,34.8692474365,1.38297045585
31.9844875336,33.1255455017,34.8752059937,1.38675681349
31.9775524139,33.225315094,34.8760719299,1.38880027185
31.9765052795,33.324886322,34.8659706116,1.39199116399
31.9705085754,33.4236106873,34.8507461548,1.39666346863
31.9698162079,33.5223884583,34.8358459473,1.40045844611
31.974149704,33.6211433411,34.8199157715,1.40350554755
31.9742927551,33.7184638977,34.7964057922,1.40717673634
31.9731674194,33.8140945435,34.766960144,1.409010847
31.9765167236,33.9094810486,34.7370376587,1.40973246016
31.9749488831,34.0059051514,34.7102661133,1.41119283496
31.9786205292,34.1033439636,34.6878662109,1.41334460879
31.978433609,34.199180603,34.6587944031,1.41864994355
31.97407341,34.2952575684,34.6310882568,1.42415665503
31.9687995911,34.393196106,34.6118774414,1.42919351116
31.9626731873,34.4902305603,34.5879974365,1.43437091986
31.9584102631,34.5879859924,34.5654182434,1.43950520816
31.9552173615,34.687335968,34.556427002,1.44317751014
31.9562568665,34.7873039246,34.5522460938,1.44403034135
31.9539680481,34.8870925903,34.5462684631,1.44700440898
31.9493141174,34.9869728088,34.5422592163,1.45125288127
31.9524059296,35.0869827271,34.5392036438,1.45505415046
31.9531402588,35.1898765564,34.5364837646,1.45413310638
31.9623374939,35.2886199951,34.5571403503,1.44995698503
31.9744625092,35.3820571899,34.584728241,1.44975486208
31.9872341156,35.4810256958,34.6055297852,1.4513197195
31.9951763153,35.5794639587,34.6045417786,1.45395447799
32.0106544495,35.6770553589,34.6055984497,1.458063918
32.0304450989,35.774520874,34.6120185852,1.45207168045
32.0585632324,35.8703117371,34.6078491211,1.44468042941
32.1022071838,35.9580078125,34.6264305115,1.42154645532
32.1582260132,36.0361289978,34.660369873,1.39841248124
32.2194023132,36.105922699,34.6984825134,1.37092584136
32.273223877,36.1792221069,34.7388267517,1.34400379448
32.3296928406,36.2590026855,34.7605552673,1.32235751553
32.389881134,36.3379173279,34.7801628113,1.30073165163
32.4543495178,36.410572052,34.8073310852,1.27954972869
32.5227622986,36.4813041687,34.8193321228,1.26163256052
32.5889282227,36.556224823,34.8199005127,1.25080328389
32.6544647217,36.6324195862,34.8240509033,1.23829770056
32.7293777466,36.6953315735,34.838508606,1.21975750984
32.8120040894,36.7403373718,34.8764152527,1.19276557443
32.8992118835,36.7795600891,34.9105796814,1.16901626701
32.9836883545,36.8272781372,34.9312934875,1.14526695958
33.0636024475,36.8861923218,34.9369049072,1.12667612774
33.1567077637,36.9166030884,34.9542160034,1.09016436983
33.2547950745,36.9268531799,34.9868125916,1.05365261191
33.3460693359,36.933631897,35.0322418213,1.01331866279
33.4321632385,36.9399452209,35.0820884705,0.971751913699
33.5214271545,36.9419441223,35.1250038147,0.931902487793
33.6141395569,36.9417228699,35.1626358032,0.896791682063
33.7030410767,36.9428062439,35.2085151672,0.866056530109
33.7888832092,36.9483718872,35.2596321106,0.842514596712
33.8752174377,36.9518203735,35.3096580505,0.81513271976
33.9674263,36.9549026489,35.3490943909,0.79124742751
34.0594291687,36.9588127136,35.3882141113,0.772300491805
34.1451263428,36.9762306213,35.4370803833,0.760379726483
34.2277832031,36.9879417419,35.492023468,0.750832823234
34.3136100769,37.0070343018,35.5400161743,0.743906941397
34.3960075378,37.031829834,35.5913772583,0.740722569203
34.4711990356,37.0490150452,35.6546478271,0.737958442697
34.5366325378,37.0716438293,35.7269668579,0.735811362491
34.6042480469,37.1030578613,35.7939796448,0.736859754262
34.67445755,37.1449737549,35.851776123,0.74080395634
34.745136261,37.1880149841,35.9076766968,0.747758229594
34.8177490234,37.2230911255,35.9674301147,0.755000808518
34.8828315735,37.2692489624,36.0270462036,0.765234888256
34.9603729248,37.3164291382,36.0697860718,0.774937084539
35.0394020081,37.3536529541,36.1186561584,0.787554444919
35.1132621765,37.3970184326,36.1698074341,0.809645084952
35.1823310852,37.4479370117,36.2216072083,0.836506072116
35.2506370544,37.497795105,36.2752342224,0.861314582526
35.3287162781,37.5455245972,36.3176345825,0.883428698518
35.4017868042,37.5839004517,36.3729362488,0.902608481987
35.4805221558,37.6107406616,36.4286384583,0.910082392661
35.5638542175,37.6300354004,36.4812545776,0.91804672825
35.6390266418,37.6539001465,36.5425796509,0.921935309099
35.7170333862,37.6677627563,36.6030197144,0.919717261283
35.7996559143,37.6698799133,36.6593284607,0.912673440182
35.8779258728,37.6750526428,36.721496582,0.90953746741
35.9579353333,37.6914100647,36.7795677185,0.910405892169
36.0403862,37.7138214111,36.8317565918,0.911033131152
36.1201591492,37.7258796692,36.8908348083,0.910061297537
36.2001953125,37.7374992371,36.9502754211,0.910041406809
36.2819290161,37.7584152222,37.00390625,0.914161336039
36.3604354858,37.7753753662,37.0636329651,0.91680813365
36.4433784485,37.7999572754,37.1139221191,0.919615491565
36.5297393799,37.8118515015,37.1633033752,0.917120874643
36.6188430786,37.8260879517,37.2061195374,0.91408372794
36.7080307007,37.837184906,37.2500953674,0.90561823392
36.8007202148,37.8509712219,37.2849273682,0.895991393903
36.8928070068,37.8689575195,37.3194732666,0.882247231497
36.9863815308,37.8813743591,37.3525886536,0.869492097554
37.0816764832,37.8940162659,37.3805847168,0.862517388157
37.1748924255,37.9139785767,37.4100456238,0.850387875964
37.2679367065,37.9339065552,37.4416389465,0.841708775123
37.3582191467,37.951335907,37.48072052,0.833249995196
37.4514389038,37.9694480896,37.5123023987,0.824735729799
37.5442237854,37.986782074,37.5448684692,0.81884404531
37.634563446,37.9995956421,37.5858268738,0.813300941108
37.7290420532,38.0150985718,37.614654541,0.807807427781
37.8192481995,38.0390396118,37.6509552002,0.803468665733
37.9111442566,38.056640625,37.6861381531,0.802373438482
38.0064888,38.0721511841,37.7125205994,0.80578601222
38.099899292,38.0896530151,37.7435913086,0.808018668542
38.1955833435,38.1029396057,37.769821167,0.814503971973
38.2909889221,38.1110496521,37.7988204956,0.821432091681
38.3872299194,38.1181030273,37.8248214722,0.829850508906
38.4819335938,38.1364097595,37.8521194458,0.836528872856
38.5789070129,38.1432723999,37.8748474121,0.841491939708
38.6762657166,38.1514434814,37.8953819275,0.838761570786
38.773235321,38.1559371948,37.9180717468,0.833097971012
38.8670463562,38.1604042053,37.9518356323,0.821089067413
38.9618873596,38.1583862305,37.9827384949,0.804749063093
39.0520210266,38.1530532837,38.0257225037,0.784947683975
39.1451416016,38.1347312927,38.0575866699,0.762837850127
39.2316551208,38.1171989441,38.1044311523,0.732834816213
39.3209953308,38.0945587158,38.1420707703,0.699954022126
39.4093933105,38.0732727051,38.1814575195,0.665466210454
39.4986763,38.0594100952,38.2240905762,0.636353795931
39.5936737061,38.0433120728,38.2499198914,0.609856830968
39.6857910156,38.0509757996,38.2882080078,0.596789471801
39.7723808289,38.0635299683,38.3350982666,0.57663074194
39.8628540039,38.0750160217,38.3761291504,0.560636119429
39.9585456848,38.0742340088,38.4065170288,0.550174801371
40.0588531494,38.0825233459,38.4194946289,0.550112603716
40.1532058716,38.1005096436,38.4443130493,0.55006344821
40.2422790527,38.1254692078,38.4831237793,0.550467918556
40.3374328613,38.1534690857,38.5013465881,0.550433292654
40.4337654114,38.1786003113,38.5104255676,0.553599075011
40.5308227539,38.1948814392,38.5329627991,0.558917210304
40.6285934448,38.2128982544,38.5381126404,0.56311362882
40.7269172668,38.2237281799,38.5545349121,0.564036894586
40.8234062195,38.2476844788,38.5636367798,0.569808170981
40.9181404114,38.2708740234,38.5839767456,0.577073269472
41.0121879578,38.3008232117,38.5991706848,0.583824136842
41.1093673706,38.3134117126,38.6167755127,0.589634944246
41.2071647644,38.3285942078,38.6301994324,0.595094732058
41.3031387329,38.3449897766,38.6535682678,0.603130914806
41.3974647522,38.3683624268,38.6761054993,0.612739156451
41.4915046692,38.4011039734,38.6876678467,0.62504358092
41.5877227783,38.4209861755,38.7057876587,0.641872338868
41.6847419739,38.4349212646,38.7263793945,0.657110573622
41.7821960449,38.4478683472,38.7444190979,0.67126545862
41.8803062439,38.4522361755,38.7635345459,0.681997544339
41.979839325,38.4591598511,38.7695770264,0.685726398283
42.0795173645,38.459728241,38.7787284851,0.691434103025
42.1791534424,38.4616394043,38.7879562378,0.691840004888
42.2791061401,38.4671096802,38.7883453369,0.696371421041
42.3786735535,38.4659996033,38.7912330627,0.694748768082
42.4782676697,38.4560241699,38.7970962524,0.692546420199
42.5781021118,38.4529037476,38.7870750427,0.69518633433
42.6764678955,38.4381561279,38.7823028564,0.696869819308
42.7760124207,38.4245491028,38.7802886963,0.700071126542
42.8739128113,38.4089164734,38.7682952881,0.703275188357
42.9676399231,38.3829689026,38.7449569702,0.707092666846
43.0622253418,38.354183197,38.7284584045,0.714325447146
43.1548080444,38.3271522522,38.7027511597,0.723177941279
43.2468833923,38.2958526611,38.6796989441,0.734324599639
43.3403358459,38.2652893066,38.6574859619,0.746062036166
43.4324607849,38.2363319397,38.6288642883,0.75826133262
43.5174865723,38.2052993774,38.5870246887,0.770406238896
43.5999145508,38.1699371338,38.5431938171,0.782281137116
43.6884689331,38.1411933899,38.5062713623,0.795802429339
43.7760658264,38.1109161377,38.4683761597,0.809272458093
43.8608322144,38.0715293884,38.4327354431,0.825998379836
43.9481239319,38.0320396423,38.4035682678,0.841288851757
44.037071228,37.999546051,38.3715133667,0.849883317058
44.1297531128,37.9643287659,38.3597984314,0.853818534218
44.2182006836,37.9168663025,38.3519744873,0.861875643979
44.3072853088,37.8730697632,38.3464660645,0.869703298928
44.3960456848,37.8260917664,38.346282959,0.871751925116
44.4762496948,37.7664299011,38.354019165,0.873489526145
44.5554847717,37.7068939209,38.3675994873,0.872076444652
44.6383285522,37.6510467529,38.3719100952,0.87892249709
44.7217025757,37.5958061218,38.3781356812,0.880709723682
44.8033981323,37.5384101868,38.3845672607,0.879301467446
44.8835678101,37.4787330627,38.3842010498,0.877096653043
44.9651374817,37.4210739136,38.3921127319,0.874273102057
45.0424156189,37.3577919006,38.3960456848,0.873121652244
45.1197967529,37.2944641113,38.3938369751,0.872541715836
45.1962356567,37.2304039001,38.4014587402,0.866711156824
45.2655982971,37.1586914062,38.4094772339,0.861692932933
45.3304443359,37.0833778381,38.4214820862,0.85856058846
45.3984489441,37.0116462708,38.4361038208,0.857618863488
45.4604187012,36.9329223633,38.4436950684,0.858212544756
45.5296478271,36.8621520996,38.4563522339,0.859002664524
45.597038269,36.7892913818,38.4694633484,0.860551277485
45.6584968567,36.7107048035,38.4786720276,0.86369053335
45.7223854065,36.6358146667,38.4958877563,0.864152621272
45.7901916504,36.5641899109,38.5125465393,0.865082205801
45.8528251648,36.4882545471,38.5292053223,0.867992882257
45.9096641541,36.4152069092,38.5522422791,0.871081580603
45.9698219299,36.3313369751,38.5714950562,0.873217535595
